pe_z1,pe_z2,brier_z1,brier_z2
0.17243911684593782,0.003482939455368583,0.01179124738375308,-0.0024060096992371215
0.18640018921794335,0.011196904756363622,0.005117893758322551,-0.0018997362204697665
0.22627081697886844,0.004378481108536534,0.012193745400320602,0.0009552525336421064
0.29107725510403404,0.0044590747260234535,0.007948087708762768,0.0004908896417989361
0.2984292565556224,-0.027609209360097843,0.0060382819171309055,0.0016091386437430855
0.19109709682215703,0.08774156815450543,0.009191066135258174,-0.001089696334809026
0.1947619236638089,-0.007261854450426278,0.00946082360964797,0.00018296154633844764
0.29011510161640697,0.06299052568841841,0.01018833178196274,0.004403671089599215
0.3889080343149714,0.03382252997795556,0.0020579473930292303,-0.0047433404197421815
0.30752751372826836,-0.016880619541043,0.004339480755180161,-0.0009274751007307402
