d_s1,d_s2
0.42082303539891164,-0.003136024473218588
0.36956805177952157,-0.0014823017715094938
0.5159281833012237,0.006027429907116759
0.4024483204422851,0.004085737777616453
0.4029748314456267,-0.0017104172929134978
0.4208316032402223,0.0271414037835536
0.43948639870347045,-0.01169098029018858
0.555027011582296,0.00025738454562850775
0.4027171147012506,-0.009347615568101788
0.4190281883439422,-0.01888494041989216
0.4813491922642819,0.012198822995021556
0.3437865780277413,0.013220782770125172
0.43271554086426256,-0.004544836148853532
0.39041362578198235,0.013366719221629084
0.5046546505469313,-0.003413060602398943
0.4857954484556905,0.02382529729009979
0.44917673025254157,-0.004570077158167136
0.4256107833568105,0.023463064487534838
0.47319508094535384,0.0023178844637847446
0.3978194357102306,0.0007677659391627227
0.4590736915754624,-0.014216441924324436
0.47301100253305284,-0.008446452001554389
0.4000083695372031,0.002209969427203789
0.4592789357986374,-0.03443723467073373
0.48103698024712604,-0.007211853794060745
0.3349180800004985,0.013892802867233055
0.36779260101418265,0.004979559097333917
0.36576456059052714,-0.024924699033512875
0.36601543218015975,0.005264301247112365
0.4574257913922352,-0.008274306130050622
0.39408484330759114,0.033377039573534904
0.5046393978277959,0.008654058296845044
0.4047261630819217,-0.005619296400959459
0.44458254287240334,0.013456252523570415
0.4550555274207156,0.0013317901940205254
0.4173570443507909,-0.012128629315156621
0.43435974049676485,0.009392030229898724
0.4211211730397847,-0.01311436875424023
0.4177751696928718,-0.02318629944089826
0.43898293007259176,0.026287188132059564
0.45059436701721534,-0.01748744436425421
0.4877203873160991,0.005286946593962184
0.42348776109012753,0.0011497136764822813
0.39136612114747843,0.0021331588621639774
0.4194281193858325,-0.013849429829093762
0.3769643512340363,-0.007706146603834547
0.41619432339493273,0.037712075272531995
0.3154413617322011,0.019279393506671166
0.4105055712929057,0.024723987818368567
0.44684524418209753,0.004747501526836932
