w0,w1,w2,w3,w4,w5
0.008753005446325174,0.0033206792382347817,0.19193827251925336,0.10883757255381736,-0.009348147198713238,-0.00031278742244268855
-0.0122321565091328,-0.007028171191967564,0.19233904919294134,0.10531909971094049,-0.015709127416111877,-0.008572781145440831
-0.004477171240181597,-0.009622057966469127,0.17401799565760992,0.17988536921629372,0.015506738281962622,-0.010020562736792239
-0.006236709015300204,0.005493637706093015,0.19656909057041383,0.12792945636674044,0.0013629633340278137,0.01017257507626479
-0.0012496735801562613,0.018645452341000162,0.18677203160227496,0.10321764010645466,-0.007988284336866838,0.01518689063856058
0.003901332366424206,0.004635812134657475,0.16636457907752827,0.1221366089763574,0.007030173806270794,-0.0037498802202306143
-0.017636430845686092,0.007093182321254843,0.15455478708349707,0.09199557516311094,0.01323371009668597,-0.01143691702550144
0.008087228971497266,-0.00040347615580867726,0.15064215419768168,0.0923233761035196,0.009380332531628375,-0.01227974029627306
0.012730340832098513,0.007410388204916685,0.23526516032433675,0.1362411345488856,0.006929853389502356,0.003998934466399768
0.023408035157714606,-0.002686723329686516,0.22480758637614243,0.10541292351452702,-0.02196336334185218,0.013093070432917641
0.004825482279606015,0.0007518472786340676,0.12157989733202697,0.11886521038708528,0.002666957376208599,0.004309342210776643
-0.00787935649650434,-0.005331600472599696,0.1942800806491111,0.10908219760998575,0.0054446464303177875,-0.014639400358249482
-0.004244479927686521,-0.0004932170920012846,0.20155206563486114,0.10558594205842775,0.010291275183495818,0.003743881968117445
0.004638587877131643,-0.013212967205363833,0.16880335438939306,0.13760536541078255,-0.008761238885760388,-0.007678349622067084
0.013826190445872568,0.012417699131438661,0.18505187116079158,0.12536818075312825,-0.004244128963426581,-0.01729288068381131
0.0008499213772535867,0.015137457309549315,0.22213234254643033,0.14330210494191215,-0.002459599489613422,0.021482384484276612
-0.008073607950839622,0.017045357045945713,0.14852261692383234,0.10416141871519231,0.009853385298877733,0.006484473885497033
0.004437382605205499,-0.008845000635051059,0.16528209704811875,0.09143683950999998,0.0006542513736867573,0.0041602647957300325
0.0022356684143460806,0.0017434374065913327,0.22436332253777871,0.13162752029704536,-0.013688231875148903,0.008481837247769746
0.004996423116736418,0.011381408240107874,0.15453265333675423,0.1408097248027759,0.003039154640114244,-0.009317342124549842
-0.00021490313160153963,-0.008557193089449954,0.16250566004013658,0.08703819784999386,0.007196041397361309,-0.011845946791641988
-0.0001428663007276388,0.0040386916145077655,0.20305908386581875,0.11372154498210656,-0.022096793072574273,0.011740759267147993
-0.008898947773879156,-0.027183554658520702,0.19658733776227605,0.17817148126426738,0.03695429060213787,-0.0005738597564841864
-0.017881733218811948,-0.007983703928171099,0.1444882406360111,0.11773394124083762,-0.008821140167520445,0.010953761704860402
-0.007068720333759024,-0.0017468735383750305,0.18032567053529291,0.08048856198080985,-0.005348471702332365,-0.012479254198026764
0.0019693808841189974,0.00450697211273029,0.18185594439644906,0.09809075989327345,0.021315604821367445,-0.0005944958069219901
-0.008046241016166375,-0.01180963786080503,0.15021765053165786,0.08798545886583206,-0.003935472547244141,-0.0005326390150114506
3.5063772090670586e-05,0.006711609066984342,0.1882205429027204,0.0825809023418175,0.004017129693174594,-0.0030092997472042915
-0.010219816693964236,-0.011784356747470973,0.2049280456775902,0.1376984706576101,0.0024269929020777786,-0.02106601708068607
0.013743418963220056,-0.004400746212668134,0.21347553473501274,0.10854423060772696,-0.00721216271723601,-0.0029264189955935617
0.010256328749338187,0.006512618759340003,0.17794823252031164,0.13638564621445756,0.0003528278255004021,0.010054739832442362
0.003134138169773715,0.010625935594607085,0.19829849982890618,0.1707114670728593,0.0004271608967015185,0.021282017888232436
0.010683887719026718,-0.0004970016607682121,0.21330237611769678,0.1203959737949786,-0.005702832259759724,0.0024533775386171904
-0.0001325453449218172,0.0041029732879214464,0.1810707920245688,0.10682881992675153,0.0012912211974645716,-0.00962079773901742
0.0015531992034442208,0.005443377152248555,0.1983957023531115,0.10920817932276347,0.013226755200746051,0.01826601383755244
-0.005125590486608364,-0.0005605373333005044,0.2037325692361745,0.11823748829324368,-0.0021373890131189555,-0.01528923814464972
0.006319800145603948,0.011851726428187683,0.17346078156796021,0.08672555299722096,0.009142711950679002,-0.00791904161369255
-0.0006014401708463228,-0.00027254165943727346,0.20499253999737563,0.09607587201017079,-0.0005112914151029699,0.002381180527149202
-0.013097388323346271,0.012137076998577124,0.1830785443059721,0.1025590733288243,0.0022768579383961205,0.002455391630484515
-0.0033173833981322127,2.9207206422555454e-05,0.2098389212435418,0.07718990788504143,-0.030463488006113558,0.004898604233816034
-0.0006161210931425746,0.010516978042201669,0.17402373577966307,0.18217022817483733,0.006848311238615184,0.009705029214606541
-0.007186315905450993,0.004449483424186067,0.2005724921082163,0.14632340768347368,0.0056686731667033655,-0.0026824782183358263
-0.020093219059784593,-0.0016189469303991857,0.15859967295153996,0.12133361035849874,-0.0020234330295089936,-0.010333147100931972
0.013999909221261464,-0.008464344764277338,0.23486049515517382,0.12335963692985183,0.007229001700067739,-0.0032881203468153853
-0.010429409362929822,-0.008674715217282063,0.17558157214767534,0.10308578934189061,0.012296094219911178,0.017050744786498005
0.008118606878516862,6.822439971829811e-05,0.16641775824346833,0.16694424860685259,0.01511199314553734,-0.005803331774359831
-0.01329792222372388,-0.003788061457366329,0.16553080187052122,0.13044688975117708,-0.019664583799561958,0.0024990788387063145
0.002270744647422535,0.000854775514997265,0.14436395358062626,0.07905952032752228,-0.017770238867056695,0.012032256481456827
-0.01225428588041421,0.01702716795910913,0.16580528897361763,0.13384708728883735,-0.015514044677429789,0.01229435987082178
0.00741308598433995,0.0030747598046861743,0.17828827141954598,0.13843052981787313,-0.002243529537366141,0.009649941000214948
