imp_z1,imp_z2,imp_z2_cond_z1,m1_z1,m1_z2
0.48590713867254776,0.05004718744655381,0.005351698162387716,0.5000255435050363,0.19667914613346693
0.4838835542322042,0.01999539450583128,-0.02775045019524261,0.5109900975631996,0.16752778801658103
0.542293206134655,0.05231697726894506,-0.003556063215626901,0.5245839655943466,0.20978122753000478
0.5027584549312142,0.055342863496296454,0.019513529660260064,0.5006320968895477,0.17435037271211545
0.5999102026760987,0.0456204837867392,0.01883958385750844,0.5979676696113129,0.15197717629041002
0.4405016380432206,0.04693993151519525,0.007570331668910794,0.4105997333341659,0.1961010691698717
0.42854731110051436,-0.013214825495940299,-0.029195970175548945,0.4419064291245297,0.10811899622669494
0.4646623744491533,0.032332195786260155,-0.012072633073794917,0.4608705410248257,0.16589102857055113
0.442039757917823,0.02576325775297167,-0.004371302338273793,0.44901075098483767,0.1474510597975036
0.32103361774591516,0.049566580319754264,0.006359646326052582,0.3509296344521736,0.21813206729275128
0.41244227206295514,0.0202743240251948,-0.007165256179081402,0.4319080482626916,0.15787538068132384
0.5215073468537246,0.006501531853239173,-0.0076134591750913385,0.5107034009685141,0.16154582914573762
0.4448100485722818,0.042725930622740736,0.00961530051113584,0.4589646125117127,0.21250234590342748
0.4286698085793984,0.04236948121947535,0.0065784846711155615,0.45077244013633616,0.14862248797586355
0.4243872712236213,0.02844953091538176,-0.012431227128978432,0.391561576143147,0.15098708021203883
0.5696648517465536,0.03753520116914897,0.0065604347381025205,0.5520308554821466,0.16422078491588704
0.48433427085281017,0.038062994413676846,0.017054212754468064,0.5014736793258616,0.18059397080033004
0.4218131215292111,0.04775714369411114,-0.01865935448689017,0.4346350533037454,0.20833842514887002
0.48138336834848977,0.03796182171031888,-0.0018498010535038206,0.5000552218928093,0.17606485532143817
0.4155763236409193,0.05002567523234865,0.011778351396618956,0.4083537397673284,0.19082522561060217
0.49089439645201394,0.03841771532698916,0.01083484137353556,0.4755706214161554,0.15170126833517644
0.41143984837170794,0.0490657806839718,0.024178138145386725,0.38566833057155375,0.19529414003790949
0.43245024501213924,0.020353475996376578,-0.012767010300765613,0.430713004805657,0.1692952184211664
0.4073782277099206,0.01818921949196365,-0.010242025466626791,0.42219310220703693,0.13759850548547145
0.4449363201380899,0.0333063817273258,0.009361304955845775,0.44242680624173125,0.2032884864089232
0.4417289619718314,0.06535098577949894,0.013801905301067976,0.43819810524380076,0.18650548890808097
0.39548379461401834,0.048968763014417244,0.0222552307925516,0.41852535992381557,0.2250068743391307
0.491243753236042,0.03702048216116259,0.011562027380254256,0.48461924685774516,0.16368337225976246
0.3343641818445843,0.04008495446612812,0.018042160840327358,0.3367040657547551,0.18011819196993545
0.4480221213853299,0.05422626258261683,0.01491558830714843,0.4604147311899647,0.1926667748137345
0.40968042864093557,0.07499082626746809,0.030169812820189452,0.41651322236374055,0.23208716333152557
0.44028576151704596,0.04301065112679673,0.0168784629329835,0.4901786826175167,0.16259773273395456
0.5005698594937988,0.019130698424381285,-0.020061670784609475,0.4885353462391261,0.11813208387618254
0.44660652489792324,0.06918811422365514,-0.0016557748882819936,0.43542003391182804,0.19992101120007338
0.462049852568655,0.09771629162564278,0.04547534556124242,0.44447161704273636,0.2605376509162431
0.45935928437334833,0.02857134724456072,-0.0026438530962644346,0.4788225168675436,0.1674189793553676
0.46508931689392236,0.04021854660107577,-0.0017882819041476102,0.48928599322907146,0.22363974705818662
0.43903482224202905,0.02963855077125538,-0.01926897084570894,0.43815454690103167,0.1810308704469489
0.4778217095194092,0.04593822408872592,0.005729656416444191,0.5407770506537426,0.16086718769685238
0.4112128826221936,0.0610488459734569,0.03008700024190767,0.3996967350636373,0.1834580498475104
0.5144521340388559,0.032695717907923354,0.022596059360803063,0.514712293784703,0.12308715217103387
0.5032760832901861,0.010348748117911323,-0.015277538838420457,0.4763419240531267,0.12904955500912335
0.4173556730893454,0.03725592136723196,0.0016041448504681079,0.398645425563085,0.19254212511359553
0.39719278914733375,0.016567287901644422,-0.014353216389350887,0.3961983196355576,0.18671296153797706
0.4742774978909166,0.04745045260937736,-0.004712784826851263,0.47263425286109567,0.1661849692433633
0.5151135117703969,0.049756063638469794,0.011825788271025215,0.48093135343991344,0.22610071040728075
0.5188569942221392,0.02217966307759178,-0.00959200302851341,0.49591094563458415,0.1521560345349517
0.41534411482375744,0.036239090794000305,-0.01790880515584023,0.3885475409884905,0.16631990682502457
0.49203392471342566,0.04079181327013256,0.011088331999763992,0.4688648725477533,0.2006449603914911
0.37488953965852145,0.04663973318577427,0.012295831797834438,0.3916294169534934,0.19492772377947856
