rep,aggregate,landmark,cause,n,mse_truth,brier_ipcw,brier_oracle
0,hazard,1.0,1,299,0.004627738194509232,0.18062058091977637,0.17941328379447985
0,hazard,1.0,2,299,0.003017677871946312,0.1561580456668889,0.15752045872077886
0,hazard,2.0,1,224,0.006073996707786305,0.17485780413732516,0.1724180437466598
0,hazard,2.0,2,224,0.003928091804617219,0.13673972737916212,0.1467666329640851
0,hazard,3.0,1,132,0.005051553115029882,0.19192120040314622,0.1746220915890146
0,hazard,3.0,2,132,0.0037642790223508687,0.114857181089402,0.1370444372838717
0,cif,1.0,1,299,0.004394697089545647,0.1799347167634231,0.17911620430644906
0,cif,1.0,2,299,0.002869729286232668,0.15593863245374687,0.157214763667243
0,cif,2.0,1,224,0.00584521744498262,0.1754473579652072,0.17280458053195155
0,cif,2.0,2,224,0.003950874576017389,0.13703704644434836,0.14698479529841885
0,cif,3.0,1,132,0.004952848242282682,0.1930619934303185,0.1752047578197071
0,cif,3.0,2,132,0.0038163745188701625,0.11475291614983885,0.13707395722369242
1,hazard,1.0,1,305,0.004670422521360422,0.17911167501844455,0.17632161767342225
1,hazard,1.0,2,305,0.0030750216764788203,0.1394465666953302,0.14021001514429388
1,hazard,2.0,1,236,0.009083860158666029,0.15326409963737828,0.15785738285646567
1,hazard,2.0,2,236,0.004070650291665128,0.11433312698550806,0.11833719063670421
1,hazard,3.0,1,141,0.005726565137636648,0.1650164367066554,0.1610148369485752
1,hazard,3.0,2,141,0.004204055708336773,0.11309884061261792,0.10730274491538098
1,cif,1.0,1,305,0.0045966962167132705,0.1796456614432272,0.17678956615992178
1,cif,1.0,2,305,0.0031872130514490086,0.13951543451257575,0.140241955149146
1,cif,2.0,1,236,0.008827284307503963,0.1540119351880184,0.15819091609168104
1,cif,2.0,2,236,0.004221570982944716,0.11424425286262253,0.11824668460312453
1,cif,3.0,1,141,0.005502395693594099,0.16416409573708646,0.16051564181475536
1,cif,3.0,2,141,0.004193483684072592,0.1124932880685188,0.10663154122478165
2,hazard,1.0,1,304,0.007046410447329072,0.17085192966385132,0.17170544957702197
2,hazard,1.0,2,304,0.00394498966530976,0.15847748318371355,0.160183178566805
2,hazard,2.0,1,245,0.00799348775449616,0.17678719988370858,0.17724940327328637
2,hazard,2.0,2,245,0.004649168834937633,0.17678881325340087,0.17958346023342345
2,hazard,3.0,1,154,0.00769393313037391,0.15954456251080198,0.16278763556282494
2,hazard,3.0,2,154,0.004008238418669377,0.1700651538355526,0.18037791764447608
2,cif,1.0,1,304,0.005749818229704737,0.16840507579370176,0.16886447351427686
2,cif,1.0,2,304,0.003737681303774564,0.1576889860176276,0.15931184502419057
2,cif,2.0,1,245,0.006598044026233683,0.17474307511637346,0.17550457193625021
2,cif,2.0,2,245,0.00450809955067707,0.17664988830985345,0.17950955337790142
2,cif,3.0,1,154,0.006457457802201862,0.15790407783036334,0.1612305579971866
2,cif,3.0,2,154,0.004009282835677365,0.16960251672656798,0.18017007618780376
3,hazard,1.0,1,287,0.004326698264839446,0.18882848973628585,0.1888424013703183
3,hazard,1.0,2,287,0.003840659824313316,0.13199260181455447,0.13134737542132643
3,hazard,2.0,1,207,0.0026981224082570647,0.1758563036870449,0.18602866271304874
3,hazard,2.0,2,207,0.004660975282865432,0.12764543230788677,0.12327641840722858
3,hazard,3.0,1,141,0.0028075667700201206,0.1776666861277723,0.19575500023003994
3,hazard,3.0,2,141,0.004242698109530317,0.1585331852257811,0.15495391880108342
3,cif,1.0,1,287,0.004247325013178721,0.1891755589992445,0.18912562811962821
3,cif,1.0,2,287,0.0036247751580408788,0.13161676229047772,0.13093888311315213
3,cif,2.0,1,207,0.002706530303902847,0.17571947297764082,0.18607456315390714
3,cif,2.0,2,207,0.004359649205705838,0.12689750871389333,0.12245603910851106
3,cif,3.0,1,141,0.0028424729387804834,0.1768003651194426,0.19585276483056505
3,cif,3.0,2,141,0.003938045632500959,0.15773998952413223,0.15395713238987957
4,hazard,1.0,1,301,0.0037702949719245265,0.15677748276940817,0.157984480436265
4,hazard,1.0,2,301,0.0025589402422320673,0.15948737672520344,0.1600397551124528
4,hazard,2.0,1,211,0.004473378672951793,0.20517814854468308,0.191088560065589
4,hazard,2.0,2,211,0.002669981926933864,0.13798467607692766,0.14896138074991389
4,hazard,3.0,1,143,0.00606090894872853,0.1726793797710047,0.17884316380268583
4,hazard,3.0,2,143,0.0024603552670575415,0.13828921480755263,0.14277907506380189
4,cif,1.0,1,301,0.003510972367935979,0.15611720609091767,0.15743179094054646
4,cif,1.0,2,301,0.002511561717888438,0.15944000849421328,0.15999114025171354
4,cif,2.0,1,211,0.003880971754979365,0.20343768204683846,0.1902534675971113
4,cif,2.0,2,211,0.0026107112854095583,0.13789667669603184,0.14902311090434156
4,cif,3.0,1,143,0.005368154249628313,0.17291170232698866,0.17911372790238647
4,cif,3.0,2,143,0.0024501437643116276,0.1384735670265084,0.14298048559906187
5,hazard,1.0,1,287,0.003993653290545386,0.17035505605585474,0.17360030949232388
5,hazard,1.0,2,287,0.002690147842421527,0.1436378884903986,0.14065382330742088
5,hazard,2.0,1,219,0.004374886324449956,0.15915059309275192,0.15688230372543854
5,hazard,2.0,2,219,0.0034197596277584378,0.16179830560248468,0.1473744756632336
5,hazard,3.0,1,134,0.004068904672792092,0.17410775054793456,0.17941350990702395
5,hazard,3.0,2,134,0.003299665747188934,0.13649373310349805,0.1466213253095745
5,cif,1.0,1,287,0.003707007007005049,0.16961191908803264,0.1728900927399656
5,cif,1.0,2,287,0.002679524413001707,0.14364507834466336,0.1405494482598957
5,cif,2.0,1,219,0.0038457268226012474,0.15811823547329706,0.15633673293952435
5,cif,2.0,2,219,0.0035660945853451167,0.16231669941234292,0.1476437167369609
5,cif,3.0,1,134,0.0037354239692335175,0.17237938187399174,0.17749781366828196
5,cif,3.0,2,134,0.003335998636609316,0.13611655034405362,0.14628529148035072
6,hazard,1.0,1,302,0.005142200136487814,0.18182804829296664,0.1793975349130511
6,hazard,1.0,2,302,0.0019169153295583725,0.1360784439836769,0.13372476401804761
6,hazard,2.0,1,229,0.004963229146873348,0.18708089838402323,0.18157183485852083
6,hazard,2.0,2,229,0.0024031217748924686,0.15546697721859665,0.1541209181128537
6,hazard,3.0,1,142,0.004805522129478462,0.15406600893093544,0.1628666996876335
6,hazard,3.0,2,142,0.0025385396868052882,0.1463357361565341,0.15651876773370407
6,cif,1.0,1,302,0.00441818508100852,0.1807668834709174,0.1783354157359966
6,cif,1.0,2,302,0.0018632879172274103,0.13626691684520187,0.13391673012146652
6,cif,2.0,1,229,0.0045245663145932055,0.18607212055944222,0.18049644061887532
6,cif,2.0,2,229,0.0022748199516998634,0.15560893902727427,0.15421529704886103
6,cif,3.0,1,142,0.004213266737871894,0.1532932310772507,0.1616810969907041
6,cif,3.0,2,142,0.0024294190881250025,0.1466158835297511,0.156763108100534
7,hazard,1.0,1,294,0.004010970145002312,0.17262300457245583,0.17356443314983228
7,hazard,1.0,2,294,0.0027024520027808144,0.14360319932283683,0.14987703096241012
7,hazard,2.0,1,217,0.003403454128772746,0.17716768525022536,0.17059110026761218
7,hazard,2.0,2,217,0.0027622158237264353,0.1506675829604307,0.16287144486615382
7,hazard,3.0,1,137,0.004035802165390888,0.17942422944590763,0.17069491215159752
7,hazard,3.0,2,137,0.0018274981780832108,0.15369916682100004,0.1437794655897238
7,cif,1.0,1,294,0.003988999852307093,0.1726560188792126,0.1735543851542917
7,cif,1.0,2,294,0.002633922184785428,0.14342061871529552,0.14986037751845557
7,cif,2.0,1,217,0.003512782670464292,0.17792965158975807,0.17135195418032928
7,cif,2.0,2,217,0.0027270582579304783,0.1510108698609447,0.16349947161289585
7,cif,3.0,1,137,0.004254430413427797,0.18035116997920958,0.17122786417346522
7,cif,3.0,2,137,0.0018325222297338923,0.15388787176729868,0.14396962831274407
8,hazard,1.0,1,301,0.003260964364559863,0.17856642997430094,0.1781330230704276
8,hazard,1.0,2,301,0.0019324364970650396,0.13769550759293048,0.13655937813435834
8,hazard,2.0,1,233,0.004215419241935015,0.17331803960366862,0.17331309115317112
8,hazard,2.0,2,233,0.0019326231604671175,0.15103842192286543,0.14107972676821037
8,hazard,3.0,1,147,0.002979059767647263,0.14851447173239932,0.14503222499227716
8,hazard,3.0,2,147,0.0021463101140031505,0.15673666031306668,0.15696052792277773
8,cif,1.0,1,301,0.0028697808205320053,0.17803066907759207,0.177789645549265
8,cif,1.0,2,301,0.0020085183437281496,0.1379996975236293,0.1369145109482618
8,cif,2.0,1,233,0.00385169662048392,0.17445205833713986,0.1739502861802773
8,cif,2.0,2,233,0.0019287313697232344,0.15145282230239285,0.14133197918065152
8,cif,3.0,1,147,0.002743183713351627,0.1467459670986854,0.14367379897601487
8,cif,3.0,2,147,0.002071376801253281,0.15720336913156813,0.1573857518288269
9,hazard,1.0,1,293,0.003715688637748172,0.1801239313524303,0.179202408318709
9,hazard,1.0,2,293,0.0016698902308614663,0.1352873102077204,0.13130891333331046
9,hazard,2.0,1,208,0.003940199718589492,0.1681767083232346,0.1826939058984633
9,hazard,2.0,2,208,0.002034870170262995,0.12521378515488166,0.11930656548566221
9,hazard,3.0,1,135,0.003629968305254867,0.1821997228691873,0.17738813192221298
9,hazard,3.0,2,135,0.0019207311727805893,0.16325192805172573,0.15463416153477805
9,cif,1.0,1,293,0.003834198276219845,0.1804816723959847,0.1794012751008606
9,cif,1.0,2,293,0.0016637206040070827,0.1352399561911025,0.1312548574971163
9,cif,2.0,1,208,0.0038330915034593153,0.16773811115959855,0.18234739220544005
9,cif,2.0,2,208,0.0020195586311692695,0.12496092127026026,0.11904520987873592
9,cif,3.0,1,135,0.003446898234249076,0.18048309821684405,0.17646397932883842
9,cif,3.0,2,135,0.001873181916810538,0.16292101591531355,0.15447311685468768
