fold,cause,time,n_clipped,n_censored,n
0,1,365.0,0,0,84
0,1,730.0,0,0,84
0,1,1095.0,0,2,84
0,1,1460.0,0,9,84
0,1,1825.0,0,17,84
0,1,2190.0,0,23,84
0,1,2555.0,0,27,84
0,1,2920.0,0,31,84
0,1,3285.0,0,36,84
0,1,3650.0,0,38,84
0,2,365.0,0,0,84
0,2,730.0,0,0,84
0,2,1095.0,0,2,84
0,2,1460.0,0,9,84
0,2,1825.0,0,17,84
0,2,2190.0,0,23,84
0,2,2555.0,0,27,84
0,2,2920.0,0,31,84
0,2,3285.0,0,36,84
0,2,3650.0,0,38,84
1,1,365.0,0,0,84
1,1,730.0,0,1,84
1,1,1095.0,0,4,84
1,1,1460.0,0,13,84
1,1,1825.0,0,19,84
1,1,2190.0,0,21,84
1,1,2555.0,0,26,84
1,1,2920.0,0,30,84
1,1,3285.0,0,33,84
1,1,3650.0,0,37,84
1,2,365.0,0,0,84
1,2,730.0,0,1,84
1,2,1095.0,0,4,84
1,2,1460.0,0,13,84
1,2,1825.0,0,19,84
1,2,2190.0,0,21,84
1,2,2555.0,0,26,84
1,2,2920.0,0,30,84
1,2,3285.0,0,33,84
1,2,3650.0,0,37,84
2,1,365.0,0,0,84
2,1,730.0,0,0,84
2,1,1095.0,0,1,84
2,1,1460.0,0,11,84
2,1,1825.0,0,17,84
2,1,2190.0,0,23,84
2,1,2555.0,0,26,84
2,1,2920.0,0,31,84
2,1,3285.0,0,36,84
2,1,3650.0,0,39,84
2,2,365.0,0,0,84
2,2,730.0,0,0,84
2,2,1095.0,0,1,84
2,2,1460.0,0,11,84
2,2,1825.0,0,17,84
2,2,2190.0,0,23,84
2,2,2555.0,0,26,84
2,2,2920.0,0,31,84
2,2,3285.0,0,36,84
2,2,3650.0,0,39,84
3,1,365.0,0,0,83
3,1,730.0,0,0,83
3,1,1095.0,0,3,83
3,1,1460.0,0,10,83
3,1,1825.0,0,17,83
3,1,2190.0,0,23,83
3,1,2555.0,0,31,83
3,1,2920.0,0,39,83
3,1,3285.0,0,39,83
3,1,3650.0,0,43,83
3,2,365.0,0,0,83
3,2,730.0,0,0,83
3,2,1095.0,0,3,83
3,2,1460.0,0,10,83
3,2,1825.0,0,17,83
3,2,2190.0,0,23,83
3,2,2555.0,0,31,83
3,2,2920.0,0,39,83
3,2,3285.0,0,39,83
3,2,3650.0,0,43,83
4,1,365.0,0,0,83
4,1,730.0,0,0,83
4,1,1095.0,0,4,83
4,1,1460.0,0,16,83
4,1,1825.0,0,19,83
4,1,2190.0,0,26,83
4,1,2555.0,0,33,83
4,1,2920.0,0,41,83
4,1,3285.0,0,44,83
4,1,3650.0,0,45,83
4,2,365.0,0,0,83
4,2,730.0,0,0,83
4,2,1095.0,0,4,83
4,2,1460.0,0,16,83
4,2,1825.0,0,19,83
4,2,2190.0,0,26,83
4,2,2555.0,0,33,83
4,2,2920.0,0,41,83
4,2,3285.0,0,44,83
4,2,3650.0,0,45,83
