arm,cause,ibs,diff_vs_base,diff_lo,diff_hi,wolbers_c,fit_s
composite/hazard,1,0.0411558062642162,0.0,0.0,0.0,0.7897447100188488,0.15100249999886728
composite/hazard,2,0.1363237625606566,0.0,0.0,0.0,0.8223208190563576,0.15100249999886728
composite/cif,1,0.041174202644513394,0.000018396380297193426,-0.00030477205738665275,0.00034073241993565917,0.8090499592629079,0.14896008200230426
composite/cif,2,0.13505157309857113,-0.0012721894620854601,-0.003747079219857852,0.001199554458512469,0.8241322035204565,0.14896008200230426
approach_b,1,0.04171366060860563,0.0005578543443894302,-0.00008606900062040293,0.0012079011839663046,0.7881369765750834,0.18091066700435476
approach_b,2,0.1373191154653064,0.0009953529046498044,-0.00002224370553417995,0.002037239316437244,0.8227004804550259,0.18091066700435476
aj_null,1,0.04436875240294039,0.003212946138724186,0.001063746354862232,0.005453967764687277,0.5,0.00470945899724029
aj_null,2,0.19596325670624612,0.05963949414558953,0.04485818249451446,0.07435919017020572,0.5,0.00470945899724029
rfsrc,1,0.043285673286797874,0.002129867022581673,0.001206087690850673,0.0031732904174470817,0.7269999488671799,5.3957906249997905
rfsrc,2,0.13845372214594967,0.0021299595852930786,-0.0033565839853309048,0.007884035301945288,0.813534181558833,5.3957906249997905
