n,J,ntime,fit_s,entries,leaves,leaf_bytes,node_bytes,forest_bytes,peak_rss_gb
100000,1,100,0.9912641670016455,776021,120648,9312252,6272496,15584748,0.267780096
100000,2,100,1.1795177500025602,778376,121391,16538648,6311132,22849780,0.284491776
100000,4,100,1.5152565000025788,779914,122938,30043912,6391576,36435488,0.316260352
100000,1,0,2.5037397499982035,812772,123694,9753264,6532936,16286200,0.281198592
100000,2,0,3.4729679170013696,812772,125294,17257792,6616136,23873928,0.301154304
100000,4,0,5.224966625002708,812772,126699,31286976,6689196,37976172,0.336003072
1000000,1,100,14.371801207998942,7809393,1399517,93712716,72773684,166486400,1.085636608
1000000,2,100,16.455350249998446,7833591,1423153,168057044,74002756,242059800,1.26582784
1000000,4,100,18.68853316699824,7856941,1453491,306105732,75580332,381686064,1.529266176
1000000,1,0,37.959183874998416,8123814,1440835,97485768,75949764,173435532,0.979910656
1000000,2,0,51.92292670899769,8123814,1470051,174236688,77468996,251705684,1.165279232
1000000,4,0,81.12553670800116,8123814,1493698,316356472,78698640,395055112,1.459617792
