cause,feature,perm_importance,perm_se,loco_importance
1,z,0.3996775645120313,0.050335773512737485,0.21692789701976276
1,x0,0.07511510599959803,0.04749608429594312,0.11775365341571052
1,x1,0.006099900199585036,0.01606926083180197,0.02663099593793075
1,noise0,-0.023618911771245348,0.01265620214829729,0.007517541383860274
1,noise1,-0.0012029221271649792,0.016355575016006076,0.0409398337370993
1,noise2,-2.6458909542000435e-05,0.018789914117161712,0.0006621973438225138
2,z,0.018801875314221263,0.04275702590424459,-0.02816041825146623
2,x0,0.08614603353675115,0.027881444544017548,0.04196300939144441
2,x1,0.09086317426836374,0.036252940556794816,0.09078649739017322
2,noise0,0.0015730820146031194,0.018198308780151343,0.034712714168264595
2,noise1,0.003208730240872152,0.015557678997198994,0.027593152259751903
2,noise2,0.02299375731804782,0.02192851018115718,0.05811404868559428
