cause,window_hi,importance
1,0.825055794821311,0.044770307880114366
1,1.2273471238769453,0.04156765606546792
1,1.6222648478266075,0.04354201556878044
1,2.044984608402724,0.0724364210028757
1,2.582457062273271,0.08457770210500258
1,3.2320570679633596,0.04287886345887268
1,4.257104517331778,0.03771914111235804
1,7.5528624397275115,0.03218545731855933
2,0.825055794821311,-0.0002991768649359395
2,1.2273471238769453,0.006433994557897718
2,1.6222648478266075,0.008648126309985944
2,2.044984608402724,0.001936219505343654
2,2.582457062273271,-0.004958887431657543
2,3.2320570679633596,-0.0007611995345551275
2,4.257104517331778,0.006080538327673281
2,7.5528624397275115,0.0017222604444694395
