z,window_1,window_2,window_3,window_4,window_5,window_6
-2.9364068132141043,0.06961814298088888,0.07714124061508819,0.08109790789597857,0.09826052413901112,0.06752018664525603,0.04659677046441864
-1.6151256663038251,0.07044774466191964,0.07510183542014016,0.08246034702888093,0.09963664174272104,0.06891516467660982,0.047250940947472064
-1.2540858048914894,0.06957854491320441,0.07556554099731957,0.08207871836061455,0.10119883596867918,0.07016577757364519,0.04772588143970922
-1.0045181823090594,0.0704316261874493,0.0772707544383461,0.08427891046186226,0.10636258419532348,0.07390958515398295,0.04856985624592023
-0.8316797179427821,0.07473030435161387,0.08183176147687854,0.08531361103751363,0.11785627155452506,0.07337292554063077,0.05041460296936718
-0.6915851733503081,0.08126342302924944,0.08083332592840754,0.08768065740057535,0.11700987241513743,0.07681818287296888,0.05284255274865321
-0.5573003763497101,0.08749535216978499,0.08315757769077194,0.09088315726633722,0.11870892274016742,0.07873467127124142,0.05523631953707102
-0.41579245785941654,0.1283325851786904,0.11826161252843807,0.10813958502963082,0.13419503879008893,0.08637606166326842,0.060842285979307104
-0.2763865622742807,0.11353550018180197,0.10899053494902561,0.11157407498155072,0.13538140280423047,0.09044525175500985,0.06594598827924981
-0.12764255942379416,0.11607420323731743,0.13664154211995277,0.15154692022100683,0.18208315251070364,0.1199737469248283,0.08224566248310262
0.019101496533921365,0.13320836912184367,0.14492903157415618,0.16641895977038815,0.21094579994313278,0.12546358365430688,0.09295297755904938
0.14945861536646024,0.13506680838217347,0.14927121719220363,0.18393892721920801,0.22656343667599146,0.1444920723972968,0.10674419654974714
0.29227922784419047,0.140870293856506,0.15679430320028437,0.19218249114116495,0.24296806687254402,0.14658292342342902,0.11634801509202959
0.44682200917068055,0.14592273707376913,0.16865446633343384,0.202144392905475,0.25726062353854373,0.16253373399846033,0.11559872099089075
0.6011022662016616,0.17195068277750075,0.19447894123341405,0.22008657083685876,0.26019283406140087,0.18426004952938724,0.11817383277175002
0.7591672866246325,0.18444034204102858,0.22672568096395682,0.29099853337219145,0.2544812562824107,0.21347116746606654,0.13710344215081335
0.9342633539576868,0.2178115604701967,0.29303408049195584,0.35075785917921615,0.23300255901380978,0.2460266565334536,0.14737244877388786
1.1805936830417953,0.24303837069044953,0.3201567085667193,0.3847521950812733,0.23209067462664587,0.2608137659080936,0.14510998586870877
1.550751165899156,0.3351954772874466,0.44928347962904996,0.6208592208673053,0.35785610381290794,0.4354056597435705,0.23873070230351656
3.2483016881159292,0.36362171177664576,0.4717829524381399,0.6158637563976375,0.36449811101360385,0.47036360377849923,0.24018449070481623
