dataset,repeat,fold,c_sksurv,ibs_sksurv,c_rftvc,ibs_rftvc
veterans_lung_cancer,0,0,0.5946666666666667,0.22476466780126922,0.5973333333333334,0.21860107514769195
veterans_lung_cancer,0,1,0.7848484848484848,0.16543988679692384,0.7787878787878788,0.16044844821142604
veterans_lung_cancer,0,2,0.727810650887574,0.17449167341626387,0.7189349112426036,0.17081894724387237
veterans_lung_cancer,0,3,0.7391304347826086,0.1719286300566267,0.7224080267558528,0.16694519521423198
veterans_lung_cancer,0,4,0.7290322580645161,0.16798381207305915,0.7225806451612903,0.1632041472611681
veterans_lung_cancer,1,0,0.7099447513812155,0.19444251455961228,0.7182320441988951,0.1963675269874782
veterans_lung_cancer,1,1,0.7459807073954984,0.18414019929509023,0.7234726688102894,0.18789450351565268
veterans_lung_cancer,1,2,0.7077363896848138,0.20283590911518284,0.7220630372492837,0.1837082929880382
veterans_lung_cancer,1,3,0.6472491909385113,0.235797311413617,0.6763754045307443,0.23296958853907784
veterans_lung_cancer,1,4,0.6246153846153846,0.20799700197035087,0.6338461538461538,0.19643512092707524
veterans_lung_cancer,2,0,0.7107438016528925,0.1900229592233261,0.6914600550964187,0.1803679039168992
veterans_lung_cancer,2,1,0.7057142857142857,0.20303315367782301,0.7028571428571428,0.19616489691065195
veterans_lung_cancer,2,2,0.7133956386292835,0.21433523487630637,0.7476635514018691,0.2126455416083482
veterans_lung_cancer,2,3,0.7438271604938271,0.1846747827000345,0.7160493827160493,0.16481656196358963
veterans_lung_cancer,2,4,0.6604938271604939,0.21168189306138313,0.6635802469135802,0.21109928034916337
whas500,0,0,0.8138597904915391,0.13617728422611933,0.8182917002417406,0.13966661179558057
whas500,0,1,0.7410586552217453,0.16323567236858236,0.7410586552217453,0.166426978066684
whas500,0,2,0.7468425484142577,0.19569656699504517,0.7482458602301432,0.19003934998823221
whas500,0,3,0.7810760667903525,0.16664331356883189,0.7860235003092146,0.15762925337378414
whas500,0,4,0.7637161667885881,0.14769023760518665,0.7673738112655449,0.1495684492104904
whas500,1,0,0.7537366548042704,0.16037205266432275,0.7555160142348755,0.15975087839566915
whas500,1,1,0.7329462989840348,0.1631876433848787,0.7402031930333817,0.17048023202107004
whas500,1,2,0.7596345989152156,0.16793304571247294,0.7567799029403368,0.16340647092854824
whas500,1,3,0.7237915881983679,0.18753528954199095,0.724105461393597,0.18677021780251682
whas500,1,4,0.827349737797499,0.14082118635487859,0.8245260185558693,0.14135641959424125
whas500,2,0,0.7753125,0.15085775931086193,0.7771875,0.14233273759444146
whas500,2,1,0.7746526601152152,0.15806617368814613,0.7709251101321586,0.16585069136129235
whas500,2,2,0.8030424339471577,0.1416163818825885,0.8042433947157727,0.14457007911617742
whas500,2,3,0.774205334307636,0.1482790643742075,0.7552064303982463,0.1538200981249204
whas500,2,4,0.7176674364896074,0.20495890513199788,0.7156466512702079,0.2051379070568209
gbsg2,0,0,0.6868936320338684,0.1977994908926565,0.6870700299876521,0.19509531545701767
gbsg2,0,1,0.6632302405498282,0.19042238143255422,0.6681135829263881,0.18999363162207006
gbsg2,0,2,0.6283363435681316,0.18685276808312073,0.6265302026891431,0.19089958524112682
gbsg2,0,3,0.7078759869054496,0.17358013253020327,0.7096090891584825,0.17592344126172244
gbsg2,0,4,0.7546395780425864,0.1597723003407462,0.7499511623363938,0.15910221617070433
gbsg2,1,0,0.684639044689705,0.18802192971331486,0.6965804233761534,0.18331440968415988
gbsg2,1,1,0.6998201438848921,0.17814818024640855,0.6956834532374101,0.1784353323310398
gbsg2,1,2,0.7223386021710151,0.16895753204720418,0.7177680441820605,0.17065353385464396
gbsg2,1,3,0.6876215165262476,0.16924171608675154,0.6753078418664938,0.17428241857796262
gbsg2,1,4,0.7369717642599962,0.16950049184959967,0.7436043206367254,0.16640925243435162
gbsg2,2,0,0.6774193548387096,0.19270327081060784,0.6651545698924731,0.1922903563800842
gbsg2,2,1,0.7151841868823001,0.1870902813157523,0.71392632524708,0.1861107760726653
gbsg2,2,2,0.685188770571152,0.1710341829103609,0.6842207163601162,0.17020284003437036
gbsg2,2,3,0.6797525576968831,0.17319949547783225,0.6904591958125149,0.17870794376988466
gbsg2,2,4,0.6705009276437848,0.1904323674546847,0.671243042671614,0.1920809909802499
aids,0,0,0.7474101157830592,0.05630437293379549,0.7568555758683729,0.05595089300378645
aids,0,1,0.7816935878609887,0.06937643175299439,0.77141458639256,0.07013672222673148
aids,0,2,0.83681906614786,0.06822700228690011,0.8287937743190662,0.06906001370939573
aids,0,3,0.7320261437908496,0.0688916627589075,0.730517848164907,0.06878437123170741
aids,0,4,0.5754565844280679,0.06727115626537694,0.5728933034283883,0.06840462181752809
aids,1,0,0.764517278232989,0.0520348687150218,0.7513359458496616,0.05291997225493001
aids,1,1,0.6220204313280363,0.0804102587988573,0.6220204313280363,0.08142203683700874
aids,1,2,0.8099818040031194,0.06685683922327139,0.792825578372758,0.06832752959098928
aids,1,3,0.8380199179847686,0.05772141870673142,0.8274751025190392,0.05821488814968705
aids,1,4,0.7060827250608273,0.07107349880890236,0.7041362530413625,0.07118121340860488
aids,2,0,0.7538265306122449,0.05538275251980397,0.7471301020408163,0.05582235021121636
aids,2,1,0.6508721687060661,0.07160139476908169,0.6482686800312418,0.07184839041495637
aids,2,2,0.8117752007136485,0.05759226954838888,0.8203984537615224,0.05751170876285701
aids,2,3,0.736151933077097,0.07920001371618614,0.7275604793126837,0.07940610084703359
aids,2,4,0.7694906444906445,0.06503758846964203,0.7611746361746362,0.0655468625051979
breast_cancer,0,0,0.807799442896936,0.17804269523430608,0.8356545961002786,0.1664151763543338
breast_cancer,0,1,0.539906103286385,0.15084542463993475,0.5446009389671361,0.15996184781874986
breast_cancer,0,2,0.6830985915492958,0.1929563132151733,0.6619718309859155,0.19160675130583726
breast_cancer,0,3,0.6094276094276094,0.16079117879542104,0.5723905723905723,0.16845933790088502
breast_cancer,0,4,0.6146788990825688,0.13083111088094976,0.555045871559633,0.14275935520679386
breast_cancer,1,0,0.564179104477612,0.16743351166980144,0.6119402985074627,0.1648458493033145
breast_cancer,1,1,0.7556270096463023,0.1477499902213683,0.6945337620578779,0.1543665698322796
breast_cancer,1,2,0.7210031347962382,0.14454945087347065,0.7398119122257053,0.1396217411592294
breast_cancer,1,3,0.5843023255813954,0.18893817355460024,0.6162790697674418,0.188288648628972
breast_cancer,1,4,0.8583333333333333,0.1319215513093592,0.775,0.14800211957116077
breast_cancer,2,0,0.6242424242424243,0.17258540995430613,0.6060606060606061,0.17700453425540472
breast_cancer,2,1,0.7666666666666667,0.14385010872607887,0.7666666666666667,0.145877490524147
breast_cancer,2,2,0.6815068493150684,0.14705012545113386,0.660958904109589,0.15177109448051923
breast_cancer,2,3,0.6264367816091954,0.18950723382226922,0.6494252873563219,0.1843249440625241
breast_cancer,2,4,0.7535714285714286,0.1405851156170665,0.7714285714285715,0.13815541130691691
flchain,0,0,0.9321904448345102,0.05556342467717696,0.9332910939303509,0.05153013929731747
flchain,0,1,0.9248991944651077,0.05908017803358984,0.9258867886093838,0.05680479499068534
flchain,0,2,0.9253549115654239,0.060716213348624155,0.9287445370017305,0.05596856226958028
flchain,0,3,0.928606827614315,0.058400412407876315,0.93159182798744,0.05315564548737873
flchain,0,4,0.9278398032435701,0.05733662887951449,0.9295547042215675,0.05391178501607662
flchain,1,0,0.9283482193159709,0.05738481279461042,0.9301848666271043,0.053248735860910154
flchain,1,1,0.9238109658144593,0.05947438607341324,0.9259990324498591,0.054858700563917236
flchain,1,2,0.9370144546121162,0.053311627726471716,0.9374825469850231,0.05045737073715436
flchain,1,3,0.9208199933100779,0.062417378533599285,0.9237278086611483,0.058632207535399807
flchain,1,4,0.9297007356167757,0.057843187779004726,0.9318059364070129,0.054325637651916725
flchain,2,0,0.9267927762657324,0.05796689099731727,0.9293133392478535,0.05362260060797929
flchain,2,1,0.9295082757036016,0.058488632027455655,0.9312371676561932,0.05447707863655502
flchain,2,2,0.92525907275789,0.06066833882976931,0.9282644436347949,0.055240407704751714
flchain,2,3,0.9272394473505718,0.05899453717033355,0.93006215912364,0.05460643675214949
flchain,2,4,0.9320848362317687,0.05433562716409363,0.9334313814894654,0.051321076904319834
