m_h0,m_h1,m_h2
0.09374558999367782,0.12498082941737826,0.13335491117974768
0.10306352110385437,0.1465660028236865,0.15757693329375316
0.08747614489419649,0.125660122307271,0.1365952240342245
0.08705484202494342,0.11396679615318817,0.11334829120983826
0.08851242029231048,0.12159452198528004,0.12636204706096016
0.07557820723282338,0.1024397691519627,0.10531427129907549
0.0760665210839244,0.11879265338649923,0.11602134850242304
0.08328872252052986,0.09859784577106803,0.0998888775351907
0.07082135862021088,0.10307776424629628,0.11331148591781898
0.09522849330598589,0.12486102700475968,0.12970619126700622
0.07065272139974975,0.1018274934046708,0.10978612404107252
0.06603827314485837,0.10871306864127596,0.11440667249387415
0.0950524512864315,0.1273464403677301,0.13242918834295386
0.09214160215097318,0.1127136954825567,0.11684991305015453
0.08958384187949363,0.1094441669903257,0.1150879103822417
0.06096290479261688,0.08985550459490806,0.10396023951690876
0.09552360657765346,0.12713011990552237,0.13900253012333502
0.07943884003134186,0.11122540570925318,0.11271111226304546
0.09485495036538943,0.1207670216450528,0.12710339499168788
0.06826972421507295,0.09628665611795409,0.10726839358567442
0.08170627357431802,0.12447357718463219,0.1345296621010464
0.06601825779906173,0.10694129496972815,0.12849484418771215
0.07872791150984777,0.12101380173946186,0.12949982064425963
0.10196426870571919,0.12205998375222729,0.1366417068132731
0.0683022021729093,0.0978947819452109,0.10951946311350108
0.08338974576486244,0.1192804815284967,0.11127009064047524
0.07075621030588251,0.09602792865116741,0.106268007457499
0.07700708774090236,0.11582022952296965,0.11503815737265842
0.06268143691940745,0.11367159038328051,0.10694837068734898
0.08490528034416991,0.11767010165258311,0.12404411391501058
0.09165143184652272,0.11474748955830506,0.1187826196868642
0.07051952618406557,0.11201766914326462,0.12096794255793729
0.08896623531730655,0.1282852403993735,0.13258338442557047
0.08087097033440831,0.11322158037518126,0.1169240021297899
0.07481240503266696,0.11132971577138709,0.1300530537423997
0.08757293312721358,0.12781860085865296,0.12617663926628817
0.08909916829596196,0.11988818050566236,0.11886346177147304
0.08287451584869637,0.11252239174894056,0.11709692636288899
0.07928214078609906,0.10121202225979505,0.10948705788449144
0.09406481023035511,0.13237931734659095,0.13490790080407222
0.10000939111210952,0.12952701255692609,0.13068184381210765
0.083676384514708,0.11134038662430193,0.12013680722442019
0.08470899711916959,0.11197459736105418,0.11211631444966853
0.07911941725584191,0.11258629444376045,0.10313668355365335
0.07051773184135227,0.09808315731449842,0.1047564273592767
0.07926448468397507,0.11018428674040953,0.11807566712141515
0.07167002873061065,0.09378985865706868,0.1157059982161848
0.07163270157131665,0.09959576250988872,0.10617939929643115
0.08468978333981717,0.11840284574481488,0.12692840339174466
0.06871700500015249,0.08781984664406772,0.10558964696254383
