imp_z1,imp_z1_copy,imp_grouped
-0.08919993622807415,-0.08919993622807415,0.12382429385865142
-0.026815987098193064,-0.026815987098193064,0.2582167978428074
-0.07064871842935798,-0.07064871842935798,0.14307116352767277
-0.06493002251519085,-0.06493002251519085,0.18031715690263206
-0.075761362443162,-0.075761362443162,0.15909086732375563
-0.057621739531194344,-0.057621739531194344,0.1360529679081734
-0.03233011288106047,-0.03233011288106047,0.20707162205770166
-0.04993998160653035,-0.04993998160653035,0.22886659883958005
-0.03423402285534413,-0.03423402285534413,0.22355687471047372
-0.07771404100983571,-0.07771404100983571,0.2120394004116458
-0.05134887563853687,-0.05134887563853687,0.203365532108207
-0.07742334309311426,-0.07742334309311426,0.21864840038894034
-0.04608254508490599,-0.04608254508490599,0.20146685167143955
-0.07344980226006768,-0.07344980226006768,0.15857191410950863
-0.07337442868806815,-0.07337442868806815,0.10633819960510396
-0.11035342994038869,-0.11035342994038869,0.03846822973166323
-0.07021636654680788,-0.07021636654680788,0.1696073082762858
-0.04617072259246825,-0.04617072259246825,0.2639861989094692
-0.04376461751250057,-0.04376461751250057,0.19180999968931303
-0.07122257774000446,-0.07122257774000446,0.18269944009518013
-0.09492283999494722,-0.09492283999494722,0.14281247889968862
-0.04752505778349993,-0.04752505778349993,0.17716206373087284
-0.06098003400099928,-0.06098003400099928,0.17326046477568102
-0.06578445027736354,-0.06578445027736354,0.11503722113860146
-0.04351469647871112,-0.04351469647871112,0.20013967728942308
-0.04484793511931648,-0.04484793511931648,0.2287195767758183
-0.05327965710461967,-0.05327965710461967,0.13794786802764622
-0.06450380104499163,-0.06450380104499163,0.13413560276544548
-0.057593362114496296,-0.057593362114496296,0.15385778208653678
-0.017677721542115693,-0.017677721542115693,0.2929273519131464
-0.058020496946511124,-0.058020496946511124,0.21699749577238964
-0.05710139225234489,-0.05710139225234489,0.2199648959871361
-0.025633876155188178,-0.025633876155188178,0.25423563053065085
-0.03632830582647111,-0.03632830582647111,0.2373905475243876
-0.0721578167198279,-0.0721578167198279,0.22384322761533482
-0.08520575216466655,-0.08520575216466655,0.05317995473780604
-0.0648387140727244,-0.0648387140727244,0.1371067563116294
-0.0776712496186441,-0.0776712496186441,0.15371756693497665
-0.08000984956511334,-0.08000984956511334,0.15895074594742684
-0.03659681196222066,-0.03659681196222066,0.2779960495225435
-0.04188725856286339,-0.04188725856286339,0.17233232175763777
-0.07768464455712777,-0.07768464455712777,0.16218965967059518
-0.09945647529798217,-0.09945647529798217,0.13502379306889728
-0.05841541944503326,-0.05841541944503326,0.1337715244795658
-0.06073890688626749,-0.06073890688626749,0.1777903570660578
-0.09056793715447152,-0.09056793715447152,0.10193706290326245
-0.057405389468287916,-0.057405389468287916,0.21306342345009208
-0.09408427386143443,-0.09408427386143443,0.13947599317750545
-0.061853018759378584,-0.061853018759378584,0.17244763476052302
-0.02281100239149678,-0.02281100239149678,0.2511092171196671
