imp_z1,imp_z2
0.20435205710249452,0.005373653046848336
0.18884979086722495,0.011370053117843316
0.16527640295677617,-0.012295986884550603
0.16623628762742904,-0.003652444370926982
0.1551505101142673,0.006158863442584647
0.16702070609269565,0.020311273340100244
0.16638270707914904,0.02125927135872124
0.1962292057048987,0.033222973272411645
0.20844314831215252,0.02704777948970754
0.13787890930829794,0.02448698810064003
0.1746399998205416,0.02973264138027581
0.18818745069941334,0.025432034853350598
0.16437095371562643,0.02872391399879105
0.11405298988730389,-0.002445313071004864
0.21502104086830487,0.047972630120361605
0.2531571383459157,0.02932048666237793
0.1743220107375222,-0.01875483074052047
0.14369785032644825,0.0004671978591682244
0.12115302488372619,0.008949643289807364
0.09803205374475063,-0.011080917685161281
0.13300758829311815,0.009597199577966726
0.1612284377829676,0.03267856002637618
0.1509776497020897,-0.007128080243853335
0.14361290367340473,0.017143801509091533
0.16452911084231525,0.02825640198496368
0.1457833905502927,0.0041351843674128945
0.18120340212630046,0.021754046950250863
0.18134887235682995,0.025507152248155456
0.12912226721627393,0.015889081751857402
0.1815915046553837,0.0051931355071586326
0.13786121611674124,-0.012315107588592203
0.15766221835273767,0.019064691145099184
0.15716943061937685,-0.008124376585227066
0.17074857617168196,0.0018503468560433884
0.11663672642572931,0.04795211786059237
0.15223550072422692,0.04329690857010056
0.19330520076570365,0.021038610529792567
0.14946048479102397,0.01161079322426442
0.14627875365536436,0.006520386133320521
0.10150361506451303,-0.009389522423926022
0.16500587853267537,-0.003913483022438619
0.18248539635726607,0.021511630472685325
0.18696315103356495,0.036177372682585966
0.16819002623491208,0.013856788313611637
0.24378566856611944,0.028689541753255405
0.1843447728181661,0.03675842531049028
0.20466837376889857,0.027693238928199474
0.10462404318827799,-0.0057593741105499766
0.11563195798087561,0.02376683013505401
0.18492574630691794,0.05948764132786057
