arm,reference,metric,diff,lo,hi,n_boot,dataset
grouped_lik/hazard,logrank/hazard,ibs,0.0002424451850225745,-0.0009559861530083797,0.001359946548315818,500,pbc2
grouped_lik/hazard,logrank/hazard,brier,0.001186307639567341,-0.0009875187585331835,0.0032992610866085107,500,pbc2
grouped_lik/hazard,logrank/hazard,ici,-0.001429178805035257,-0.02009892435242829,0.01251217379348817,500,pbc2
grouped_lik/hazard,logrank/hazard,slope,-0.047259158177649696,-0.09972382334690617,0.013697726839114301,500,pbc2
grouped_lik/survival,logrank/survival,ibs,0.00014796766422171814,-0.0009718925541538992,0.0010904492170335576,500,pbc2
grouped_lik/survival,logrank/survival,brier,0.00005497046037089559,-0.0020542776831557496,0.0018256791958178148,500,pbc2
grouped_lik/survival,logrank/survival,ici,0.005078152819381485,-0.023949213969591612,0.01020309191585267,500,pbc2
grouped_lik/survival,logrank/survival,slope,-0.035026243615697616,-0.1027938221296602,0.03046943916207955,500,pbc2
poisson/hazard,logrank/hazard,ibs,-0.0005136419970018513,-0.0020274698463511025,0.000752722029620266,500,pbc2
poisson/hazard,logrank/hazard,brier,-0.0008183545416955706,-0.003565875107671266,0.0015232362188114955,500,pbc2
poisson/hazard,logrank/hazard,ici,-0.0005007686625860333,-0.020928746727988664,0.015919192910883756,500,pbc2
poisson/hazard,logrank/hazard,slope,0.01063552704567694,-0.05110698369456457,0.06488275593865728,500,pbc2
poisson/survival,logrank/survival,ibs,-0.000288208468584919,-0.0014996833713152254,0.0007634489433284574,500,pbc2
poisson/survival,logrank/survival,brier,-0.0007868305959404243,-0.0033638604008083017,0.0014373425003438634,500,pbc2
poisson/survival,logrank/survival,ici,0.0027468303787100794,-0.02150333599962291,0.011884581604548498,500,pbc2
poisson/survival,logrank/survival,slope,0.020536647499409755,-0.05044951062298848,0.09645699412335958,500,pbc2
km_gini/hazard,logrank/hazard,ibs,0.0016071651193989636,-0.0010216259519746328,0.004642438468569862,500,pbc2
km_gini/hazard,logrank/hazard,brier,0.0042986534355529404,-0.0016474781012093566,0.01115489352246774,500,pbc2
km_gini/hazard,logrank/hazard,ici,0.0021707231218634424,-0.018692499954300314,0.023883351436266537,500,pbc2
km_gini/hazard,logrank/hazard,slope,-0.026530879814597785,-0.14548160706378915,0.07344665125192582,500,pbc2
km_gini/survival,logrank/survival,ibs,0.0020961629960126113,-0.0002976644365947095,0.004764553050211832,500,pbc2
km_gini/survival,logrank/survival,brier,0.004784607852370157,-0.00041590432478772437,0.01114392650723968,500,pbc2
km_gini/survival,logrank/survival,ici,0.00018008419573944598,-0.022833311277297697,0.02397910422966124,500,pbc2
km_gini/survival,logrank/survival,slope,-0.04570088023119423,-0.20017180020180017,0.08828474603809082,500,pbc2
logrank/survival,logrank/hazard,ibs,-0.0005180117544909546,-0.0017381925924983982,0.0007415763771052705,500,pbc2
logrank/survival,logrank/hazard,brier,-0.0008114598177490773,-0.0038067050369546217,0.002310994323354768,500,pbc2
logrank/survival,logrank/hazard,ici,-0.010272558647953553,-0.018311108530549722,0.013774005761367048,500,pbc2
logrank/survival,logrank/hazard,slope,0.14698286703569274,0.09517179899654168,0.20098307466778112,500,pbc2
grouped_lik/hazard,logrank/hazard,ibs,0.000067353484387217,-0.0001394860556664483,0.00024592904634922257,500,panel
grouped_lik/hazard,logrank/hazard,brier,0.00016128420656175146,-0.0002434332670066201,0.000567454502917948,500,panel
grouped_lik/hazard,logrank/hazard,ici,0.0005214097431178368,-0.008995389267656966,0.008482215004157004,500,panel
grouped_lik/hazard,logrank/hazard,slope,0.03643397649782698,0.002648102230085936,0.09093186188852274,500,panel
grouped_lik/survival,logrank/survival,ibs,0.00007646704135800403,-0.0001489404331412229,0.0003075280021421208,500,panel
grouped_lik/survival,logrank/survival,brier,0.00010147150887623857,-0.00034228131880073944,0.0005723461299240105,500,panel
grouped_lik/survival,logrank/survival,ici,-0.0019466625685435317,-0.008872484477842382,0.00822036658231845,500,panel
grouped_lik/survival,logrank/survival,slope,0.06788451104125748,0.017943377738170774,0.109979724868949,500,panel
poisson/hazard,logrank/hazard,ibs,-0.000017003599456166807,-0.00011760102074693003,0.00009690243216839226,500,panel
poisson/hazard,logrank/hazard,brier,-0.00006765400046121472,-0.0002532089900338642,0.00014584913885199165,500,panel
poisson/hazard,logrank/hazard,ici,0.002233696146999857,-0.005258755696651823,0.007887109058495063,500,panel
poisson/hazard,logrank/hazard,slope,-0.007607815624248282,-0.029696655632286587,0.021371504638410387,500,panel
poisson/survival,logrank/survival,ibs,-0.000014473267261609635,-0.00011135923365947556,0.00009458816504180396,500,panel
poisson/survival,logrank/survival,brier,-0.00007947795130278101,-0.00026860702931610984,0.00012442878742336698,500,panel
poisson/survival,logrank/survival,ici,-0.0012222308769718106,-0.0062146211606455,0.005789735049224575,500,panel
poisson/survival,logrank/survival,slope,0.004863421689619174,-0.0240711515905133,0.02571303328405013,500,panel
km_gini/hazard,logrank/hazard,ibs,0.004678135142305993,0.002901632109129294,0.0063863138087302315,500,panel
km_gini/hazard,logrank/hazard,brier,0.008694714789632838,0.005762726216743435,0.011704786219592232,500,panel
km_gini/hazard,logrank/hazard,ici,0.0178820197488075,-0.005715162615487374,0.02478328872733072,500,panel
km_gini/hazard,logrank/hazard,slope,23.7112964471393,8.378512302779558,36.45522340973124,500,panel
km_gini/survival,logrank/survival,ibs,0.0046680377783998375,0.002892333445121671,0.0063685845130596296,500,panel
km_gini/survival,logrank/survival,brier,0.00858359593293996,0.005767553160898981,0.011548079724850318,500,panel
km_gini/survival,logrank/survival,ici,0.015465418472522837,-0.010966758320913943,0.023006723286752264,500,panel
km_gini/survival,logrank/survival,slope,24.34285222084859,5.892452383064457,35.497879640588394,500,panel
logrank/survival,logrank/hazard,ibs,9.312838808492319e-6,-0.00011032470383389291,0.0001368085316684324,500,panel
logrank/survival,logrank/hazard,brier,0.00010963004170036483,-0.00008776523554212268,0.0003309472684445257,500,panel
logrank/survival,logrank/hazard,ici,0.003008717468400597,-0.003228375996572075,0.005180111682468647,500,panel
logrank/survival,logrank/hazard,slope,-0.009753185807589992,-0.01896295762424172,0.018343018353463404,500,panel
