fold,landmark,n,n_cases,n_censored,n_clipped,brier,integrated_brier,params,dataset,arm
0,365.25,58,7,2,0,0.07519844635866088,0.04316386729947178,"{'forest__max_features': None, 'forest__min_ids_leaf': 5}",pbc2,logrank/hazard
0,730.5,56,8,3,0,0.08257776401649149,0.05622814507878918,"{'forest__max_features': None, 'forest__min_ids_leaf': 5}",pbc2,logrank/hazard
0,1095.75,49,5,3,0,0.09633734557873695,0.053321742387104326,"{'forest__max_features': None, 'forest__min_ids_leaf': 5}",pbc2,logrank/hazard
0,1461.0,45,4,7,0,0.1658799894744947,0.08434227454466076,"{'forest__max_features': None, 'forest__min_ids_leaf': 5}",pbc2,logrank/hazard
1,365.25,58,7,2,0,0.07357510823017717,0.037582062064124296,"{'forest__max_features': 'sqrt', 'forest__min_ids_leaf': 5}",pbc2,logrank/hazard
1,730.5,56,8,3,0,0.04986273498309461,0.045395369272874214,"{'forest__max_features': 'sqrt', 'forest__min_ids_leaf': 5}",pbc2,logrank/hazard
1,1095.75,49,5,3,0,0.04198333079448711,0.030281060783601366,"{'forest__max_features': 'sqrt', 'forest__min_ids_leaf': 5}",pbc2,logrank/hazard
1,1461.0,45,2,7,0,0.026345410567791192,0.01676511299401651,"{'forest__max_features': 'sqrt', 'forest__min_ids_leaf': 5}",pbc2,logrank/hazard
2,365.25,58,9,0,0,0.06552205899113314,0.04550932645533268,"{'forest__max_features': None, 'forest__min_ids_leaf': 5}",pbc2,logrank/hazard
2,730.5,56,11,0,0,0.0790790808322698,0.06822319706330378,"{'forest__max_features': None, 'forest__min_ids_leaf': 5}",pbc2,logrank/hazard
2,1095.75,49,9,2,0,0.1319019726588336,0.07438448528485093,"{'forest__max_features': None, 'forest__min_ids_leaf': 5}",pbc2,logrank/hazard
2,1461.0,45,5,10,0,0.08866272290401643,0.07356399354885677,"{'forest__max_features': None, 'forest__min_ids_leaf': 5}",pbc2,logrank/hazard
3,365.25,58,6,3,0,0.08702857842634953,0.05175676387521585,"{'forest__max_features': 'sqrt', 'forest__min_ids_leaf': 5}",pbc2,logrank/hazard
3,730.5,55,7,3,0,0.06437785583475111,0.05756390285211858,"{'forest__max_features': 'sqrt', 'forest__min_ids_leaf': 5}",pbc2,logrank/hazard
3,1095.75,49,5,4,0,0.09476844960853789,0.051165064251901336,"{'forest__max_features': 'sqrt', 'forest__min_ids_leaf': 5}",pbc2,logrank/hazard
3,1461.0,45,5,6,0,0.09891462938447357,0.06388532445047719,"{'forest__max_features': 'sqrt', 'forest__min_ids_leaf': 5}",pbc2,logrank/hazard
4,365.25,58,8,1,0,0.07733476359818459,0.04782772876792488,"{'forest__max_features': 'sqrt', 'forest__min_ids_leaf': 5}",pbc2,logrank/hazard
4,730.5,55,8,2,0,0.0722601505634053,0.04721599813546925,"{'forest__max_features': 'sqrt', 'forest__min_ids_leaf': 5}",pbc2,logrank/hazard
4,1095.75,49,5,2,0,0.09094727575886354,0.05765881641734803,"{'forest__max_features': 'sqrt', 'forest__min_ids_leaf': 5}",pbc2,logrank/hazard
4,1461.0,45,7,6,0,0.07363797543052909,0.04723000942177559,"{'forest__max_features': 'sqrt', 'forest__min_ids_leaf': 5}",pbc2,logrank/hazard
0,365.25,58,7,2,0,0.07432856466341674,0.041263787350189284,"{'forest__max_features': None, 'forest__min_ids_leaf': 5}",pbc2,logrank/survival
0,730.5,56,8,3,0,0.08425435578687533,0.05759379937472123,"{'forest__max_features': None, 'forest__min_ids_leaf': 5}",pbc2,logrank/survival
0,1095.75,49,5,3,0,0.08922554670000273,0.051829543248722236,"{'forest__max_features': None, 'forest__min_ids_leaf': 5}",pbc2,logrank/survival
0,1461.0,45,4,7,0,0.143837867743211,0.07523821783221799,"{'forest__max_features': None, 'forest__min_ids_leaf': 5}",pbc2,logrank/survival
1,365.25,58,7,2,0,0.07391533034716344,0.03633146493147448,"{'forest__max_features': 'sqrt', 'forest__min_ids_leaf': 5}",pbc2,logrank/survival
1,730.5,56,8,3,0,0.05523124477833995,0.046943559343060104,"{'forest__max_features': 'sqrt', 'forest__min_ids_leaf': 5}",pbc2,logrank/survival
1,1095.75,49,5,3,0,0.044910629327674784,0.03005994742071433,"{'forest__max_features': 'sqrt', 'forest__min_ids_leaf': 5}",pbc2,logrank/survival
1,1461.0,45,2,7,0,0.024193649643320124,0.016411877406629888,"{'forest__max_features': 'sqrt', 'forest__min_ids_leaf': 5}",pbc2,logrank/survival
2,365.25,58,9,0,0,0.06721515235360993,0.04511380906883192,"{'forest__max_features': None, 'forest__min_ids_leaf': 5}",pbc2,logrank/survival
2,730.5,56,11,0,0,0.08537214724101294,0.07149061927817026,"{'forest__max_features': None, 'forest__min_ids_leaf': 5}",pbc2,logrank/survival
2,1095.75,49,9,2,0,0.1351300603351791,0.07584693398743968,"{'forest__max_features': None, 'forest__min_ids_leaf': 5}",pbc2,logrank/survival
2,1461.0,45,5,10,0,0.08671596077389833,0.07432992516567959,"{'forest__max_features': None, 'forest__min_ids_leaf': 5}",pbc2,logrank/survival
3,365.25,58,6,3,0,0.08412934923521641,0.050219138111775724,"{'forest__max_features': 'sqrt', 'forest__min_ids_leaf': 5}",pbc2,logrank/survival
3,730.5,55,7,3,0,0.06364673715615661,0.057133945426106635,"{'forest__max_features': 'sqrt', 'forest__min_ids_leaf': 5}",pbc2,logrank/survival
3,1095.75,49,5,4,0,0.08690386026400483,0.04927704493405646,"{'forest__max_features': 'sqrt', 'forest__min_ids_leaf': 5}",pbc2,logrank/survival
3,1461.0,45,5,6,0,0.09502414985070823,0.06049013476423032,"{'forest__max_features': 'sqrt', 'forest__min_ids_leaf': 5}",pbc2,logrank/survival
4,365.25,58,8,1,0,0.07943557073726071,0.04765276391036326,"{'forest__max_features': 'sqrt', 'forest__min_ids_leaf': 5}",pbc2,logrank/survival
4,730.5,55,8,2,0,0.07397307386422274,0.04847167345758064,"{'forest__max_features': 'sqrt', 'forest__min_ids_leaf': 5}",pbc2,logrank/survival
4,1095.75,49,5,2,0,0.08655447523741558,0.05642739978440761,"{'forest__max_features': 'sqrt', 'forest__min_ids_leaf': 5}",pbc2,logrank/survival
4,1461.0,45,7,6,0,0.08107073735345319,0.049114173322781,"{'forest__max_features': 'sqrt', 'forest__min_ids_leaf': 5}",pbc2,logrank/survival
0,365.25,58,7,2,0,0.08444452256382315,0.047888464150760306,"{'forest__max_features': None, 'forest__min_ids_leaf': 5}",pbc2,grouped_lik/hazard
0,730.5,56,8,3,0,0.08573233233534916,0.056268182130000725,"{'forest__max_features': None, 'forest__min_ids_leaf': 5}",pbc2,grouped_lik/hazard
0,1095.75,49,5,3,0,0.09599469749328286,0.05350218038580027,"{'forest__max_features': None, 'forest__min_ids_leaf': 5}",pbc2,grouped_lik/hazard
0,1461.0,45,4,7,0,0.15925104862525277,0.07510509769366368,"{'forest__max_features': None, 'forest__min_ids_leaf': 5}",pbc2,grouped_lik/hazard
1,365.25,58,7,2,0,0.07227627927428787,0.03758883843408742,"{'forest__max_features': 'sqrt', 'forest__min_ids_leaf': 5}",pbc2,grouped_lik/hazard
1,730.5,56,8,3,0,0.05253347100797227,0.046167298727580804,"{'forest__max_features': 'sqrt', 'forest__min_ids_leaf': 5}",pbc2,grouped_lik/hazard
1,1095.75,49,5,3,0,0.041751849066159696,0.03008779530556076,"{'forest__max_features': 'sqrt', 'forest__min_ids_leaf': 5}",pbc2,grouped_lik/hazard
1,1461.0,45,2,7,0,0.027890173025555468,0.01747890826474307,"{'forest__max_features': 'sqrt', 'forest__min_ids_leaf': 5}",pbc2,grouped_lik/hazard
2,365.25,58,9,0,0,0.06424458110324661,0.045609639942923094,"{'forest__max_features': None, 'forest__min_ids_leaf': 5}",pbc2,grouped_lik/hazard
2,730.5,56,11,0,0,0.07691448224472439,0.06807472674772337,"{'forest__max_features': None, 'forest__min_ids_leaf': 5}",pbc2,grouped_lik/hazard
2,1095.75,49,9,2,0,0.13533894096332444,0.07615317003165586,"{'forest__max_features': None, 'forest__min_ids_leaf': 5}",pbc2,grouped_lik/hazard
2,1461.0,45,5,10,0,0.09612304916327222,0.07879530591174318,"{'forest__max_features': None, 'forest__min_ids_leaf': 5}",pbc2,grouped_lik/hazard
3,365.25,58,6,3,0,0.09514351588702866,0.05662078239450303,"{'forest__max_features': None, 'forest__min_ids_leaf': 5}",pbc2,grouped_lik/hazard
3,730.5,55,7,3,0,0.05954981020217282,0.0552582674725533,"{'forest__max_features': None, 'forest__min_ids_leaf': 5}",pbc2,grouped_lik/hazard
3,1095.75,49,5,4,0,0.09202305103562831,0.047563159012708925,"{'forest__max_features': None, 'forest__min_ids_leaf': 5}",pbc2,grouped_lik/hazard
3,1461.0,45,5,6,0,0.10404503204800017,0.06589689417083755,"{'forest__max_features': None, 'forest__min_ids_leaf': 5}",pbc2,grouped_lik/hazard
4,365.25,58,8,1,0,0.0764918786637638,0.046971454613282386,"{'forest__max_features': None, 'forest__min_ids_leaf': 5}",pbc2,grouped_lik/hazard
4,730.5,55,8,2,0,0.07743052709344116,0.049410223716037475,"{'forest__max_features': None, 'forest__min_ids_leaf': 5}",pbc2,grouped_lik/hazard
4,1095.75,49,5,2,0,0.09662053682865887,0.057658674977054535,"{'forest__max_features': None, 'forest__min_ids_leaf': 5}",pbc2,grouped_lik/hazard
4,1461.0,45,7,6,0,0.06424674912785826,0.044030645213608034,"{'forest__max_features': None, 'forest__min_ids_leaf': 5}",pbc2,grouped_lik/hazard
0,365.25,58,7,2,0,0.07962089635671096,0.0449800430999243,"{'forest__max_features': None, 'forest__min_ids_leaf': 5}",pbc2,grouped_lik/survival
0,730.5,56,8,3,0,0.08470775175781638,0.05721078849505879,"{'forest__max_features': None, 'forest__min_ids_leaf': 5}",pbc2,grouped_lik/survival
0,1095.75,49,5,3,0,0.0874582439038345,0.05181632297905011,"{'forest__max_features': None, 'forest__min_ids_leaf': 5}",pbc2,grouped_lik/survival
0,1461.0,45,4,7,0,0.13907290244341147,0.06951222406276082,"{'forest__max_features': None, 'forest__min_ids_leaf': 5}",pbc2,grouped_lik/survival
1,365.25,58,7,2,0,0.07275946866853526,0.03667566999244299,"{'forest__max_features': 'sqrt', 'forest__min_ids_leaf': 5}",pbc2,grouped_lik/survival
1,730.5,56,8,3,0,0.057563711251175535,0.04736873386884408,"{'forest__max_features': 'sqrt', 'forest__min_ids_leaf': 5}",pbc2,grouped_lik/survival
1,1095.75,49,5,3,0,0.04447645838940361,0.030023413474162597,"{'forest__max_features': 'sqrt', 'forest__min_ids_leaf': 5}",pbc2,grouped_lik/survival
1,1461.0,45,2,7,0,0.025836592825896842,0.01726626002594542,"{'forest__max_features': 'sqrt', 'forest__min_ids_leaf': 5}",pbc2,grouped_lik/survival
2,365.25,58,9,0,0,0.06666327997316178,0.04581747615895198,"{'forest__max_features': None, 'forest__min_ids_leaf': 5}",pbc2,grouped_lik/survival
2,730.5,56,11,0,0,0.08476772113268001,0.0714347945384987,"{'forest__max_features': None, 'forest__min_ids_leaf': 5}",pbc2,grouped_lik/survival
2,1095.75,49,9,2,0,0.13749911013965851,0.07706639787848117,"{'forest__max_features': None, 'forest__min_ids_leaf': 5}",pbc2,grouped_lik/survival
2,1461.0,45,5,10,0,0.0919410762729269,0.07833302587895893,"{'forest__max_features': None, 'forest__min_ids_leaf': 5}",pbc2,grouped_lik/survival
3,365.25,58,6,3,0,0.09093892105008237,0.05466069126915436,"{'forest__max_features': None, 'forest__min_ids_leaf': 5}",pbc2,grouped_lik/survival
3,730.5,55,7,3,0,0.058036348118409714,0.054606199012419546,"{'forest__max_features': None, 'forest__min_ids_leaf': 5}",pbc2,grouped_lik/survival
3,1095.75,49,5,4,0,0.08264930032576735,0.045522336326952295,"{'forest__max_features': None, 'forest__min_ids_leaf': 5}",pbc2,grouped_lik/survival
3,1461.0,45,5,6,0,0.09641305384878253,0.06237939420831785,"{'forest__max_features': None, 'forest__min_ids_leaf': 5}",pbc2,grouped_lik/survival
4,365.25,58,8,1,0,0.07793386386984277,0.046691768736955436,"{'forest__max_features': None, 'forest__min_ids_leaf': 5}",pbc2,grouped_lik/survival
4,730.5,55,8,2,0,0.07721724790130499,0.05006857813493356,"{'forest__max_features': None, 'forest__min_ids_leaf': 5}",pbc2,grouped_lik/survival
4,1095.75,49,5,2,0,0.08658352975135511,0.05558594788507088,"{'forest__max_features': None, 'forest__min_ids_leaf': 5}",pbc2,grouped_lik/survival
4,1461.0,45,7,6,0,0.07198132745665559,0.04576578124068436,"{'forest__max_features': None, 'forest__min_ids_leaf': 5}",pbc2,grouped_lik/survival
0,365.25,58,7,2,0,0.07242700151183173,0.04212989946389203,"{'forest__max_features': 'sqrt', 'forest__min_ids_leaf': 5}",pbc2,poisson/hazard
0,730.5,56,8,3,0,0.08220021524982667,0.056434910318395544,"{'forest__max_features': 'sqrt', 'forest__min_ids_leaf': 5}",pbc2,poisson/hazard
0,1095.75,49,5,3,0,0.08623221144347656,0.04911555693394517,"{'forest__max_features': 'sqrt', 'forest__min_ids_leaf': 5}",pbc2,poisson/hazard
0,1461.0,45,4,7,0,0.1431236919655713,0.07024512324602644,"{'forest__max_features': 'sqrt', 'forest__min_ids_leaf': 5}",pbc2,poisson/hazard
1,365.25,58,7,2,0,0.06891574172130246,0.03590601703872367,"{'forest__max_features': 'sqrt', 'forest__min_ids_leaf': 5}",pbc2,poisson/hazard
1,730.5,56,8,3,0,0.046483960255073446,0.04290600322212424,"{'forest__max_features': 'sqrt', 'forest__min_ids_leaf': 5}",pbc2,poisson/hazard
1,1095.75,49,5,3,0,0.04023323331654268,0.029437582299713994,"{'forest__max_features': 'sqrt', 'forest__min_ids_leaf': 5}",pbc2,poisson/hazard
1,1461.0,45,2,7,0,0.02471128516774635,0.01598374292244083,"{'forest__max_features': 'sqrt', 'forest__min_ids_leaf': 5}",pbc2,poisson/hazard
2,365.25,58,9,0,0,0.07339479248982048,0.04796006702678293,"{'forest__max_features': None, 'forest__min_ids_leaf': 5}",pbc2,poisson/hazard
2,730.5,56,11,0,0,0.08387568252504927,0.07117496450684427,"{'forest__max_features': None, 'forest__min_ids_leaf': 5}",pbc2,poisson/hazard
2,1095.75,49,9,2,0,0.13591217034933867,0.07675941102843024,"{'forest__max_features': None, 'forest__min_ids_leaf': 5}",pbc2,poisson/hazard
2,1461.0,45,5,10,0,0.09423452497570342,0.07568229554277811,"{'forest__max_features': None, 'forest__min_ids_leaf': 5}",pbc2,poisson/hazard
3,365.25,58,6,3,0,0.08799332416521921,0.051890793873823726,"{'forest__max_features': 'sqrt', 'forest__min_ids_leaf': 5}",pbc2,poisson/hazard
3,730.5,55,7,3,0,0.06354042706695574,0.05648514420907742,"{'forest__max_features': 'sqrt', 'forest__min_ids_leaf': 5}",pbc2,poisson/hazard
3,1095.75,49,5,4,0,0.09144434216868441,0.048969834925547066,"{'forest__max_features': 'sqrt', 'forest__min_ids_leaf': 5}",pbc2,poisson/hazard
3,1461.0,45,5,6,0,0.09976531933495796,0.06393320307275698,"{'forest__max_features': 'sqrt', 'forest__min_ids_leaf': 5}",pbc2,poisson/hazard
4,365.25,58,8,1,0,0.07861571993717317,0.04880954148851203,"{'forest__max_features': 'sqrt', 'forest__min_ids_leaf': 5}",pbc2,poisson/hazard
4,730.5,55,8,2,0,0.07569097994873193,0.049004845600779674,"{'forest__max_features': 'sqrt', 'forest__min_ids_leaf': 5}",pbc2,poisson/hazard
4,1095.75,49,5,2,0,0.09542413543796702,0.06027797971759838,"{'forest__max_features': 'sqrt', 'forest__min_ids_leaf': 5}",pbc2,poisson/hazard
4,1461.0,45,7,6,0,0.072088016769387,0.04774056600492835,"{'forest__max_features': 'sqrt', 'forest__min_ids_leaf': 5}",pbc2,poisson/hazard
0,365.25,58,7,2,0,0.07278450474832253,0.04090254337252753,"{'forest__max_features': 'sqrt', 'forest__min_ids_leaf': 5}",pbc2,poisson/survival
0,730.5,56,8,3,0,0.0839912435292972,0.05802257171025489,"{'forest__max_features': 'sqrt', 'forest__min_ids_leaf': 5}",pbc2,poisson/survival
0,1095.75,49,5,3,0,0.080008883138894,0.048169482426111014,"{'forest__max_features': 'sqrt', 'forest__min_ids_leaf': 5}",pbc2,poisson/survival
0,1461.0,45,4,7,0,0.12341053918896036,0.0644690515016907,"{'forest__max_features': 'sqrt', 'forest__min_ids_leaf': 5}",pbc2,poisson/survival
1,365.25,58,7,2,0,0.06989433032893572,0.034841648501952205,"{'forest__max_features': 'sqrt', 'forest__min_ids_leaf': 5}",pbc2,poisson/survival
1,730.5,56,8,3,0,0.05281074090774017,0.044720233550538994,"{'forest__max_features': 'sqrt', 'forest__min_ids_leaf': 5}",pbc2,poisson/survival
1,1095.75,49,5,3,0,0.04370904357890356,0.029324475455888555,"{'forest__max_features': 'sqrt', 'forest__min_ids_leaf': 5}",pbc2,poisson/survival
1,1461.0,45,2,7,0,0.023090939504726807,0.01593512508687034,"{'forest__max_features': 'sqrt', 'forest__min_ids_leaf': 5}",pbc2,poisson/survival
2,365.25,58,9,0,0,0.07383651742627796,0.04747353431553983,"{'forest__max_features': None, 'forest__min_ids_leaf': 5}",pbc2,poisson/survival
2,730.5,56,11,0,0,0.09049267606682108,0.07442312397281216,"{'forest__max_features': None, 'forest__min_ids_leaf': 5}",pbc2,poisson/survival
2,1095.75,49,9,2,0,0.1388397501895721,0.0782759935603286,"{'forest__max_features': None, 'forest__min_ids_leaf': 5}",pbc2,poisson/survival
2,1461.0,45,5,10,0,0.08973454292048642,0.07568876682123957,"{'forest__max_features': None, 'forest__min_ids_leaf': 5}",pbc2,poisson/survival
3,365.25,58,6,3,0,0.08480799079790081,0.05039136097940076,"{'forest__max_features': 'sqrt', 'forest__min_ids_leaf': 5}",pbc2,poisson/survival
3,730.5,55,7,3,0,0.06215716084921042,0.05634446135939556,"{'forest__max_features': 'sqrt', 'forest__min_ids_leaf': 5}",pbc2,poisson/survival
3,1095.75,49,5,4,0,0.08275946588378003,0.04736988101412811,"{'forest__max_features': 'sqrt', 'forest__min_ids_leaf': 5}",pbc2,poisson/survival
3,1461.0,45,5,6,0,0.09415533276898548,0.060201716227626836,"{'forest__max_features': 'sqrt', 'forest__min_ids_leaf': 5}",pbc2,poisson/survival
4,365.25,58,8,1,0,0.08141688102850385,0.04861973555530761,"{'forest__max_features': 'sqrt', 'forest__min_ids_leaf': 5}",pbc2,poisson/survival
4,730.5,55,8,2,0,0.07743760797176634,0.050399263360519746,"{'forest__max_features': 'sqrt', 'forest__min_ids_leaf': 5}",pbc2,poisson/survival
4,1095.75,49,5,2,0,0.0895650605359966,0.05832324703861316,"{'forest__max_features': 'sqrt', 'forest__min_ids_leaf': 5}",pbc2,poisson/survival
4,1461.0,45,7,6,0,0.0806046377375031,0.04986421065454527,"{'forest__max_features': 'sqrt', 'forest__min_ids_leaf': 5}",pbc2,poisson/survival
0,365.25,58,7,2,0,0.09098228961752533,0.051189626418842574,"{'forest__max_features': None, 'forest__min_ids_leaf': 5}",pbc2,km_gini/hazard
0,730.5,56,8,3,0,0.09683669073941267,0.062284939136315255,"{'forest__max_features': None, 'forest__min_ids_leaf': 5}",pbc2,km_gini/hazard
0,1095.75,49,5,3,0,0.08698725601478627,0.052042655484660236,"{'forest__max_features': None, 'forest__min_ids_leaf': 5}",pbc2,km_gini/hazard
0,1461.0,45,4,7,0,0.12409972172588606,0.05980880819031043,"{'forest__max_features': None, 'forest__min_ids_leaf': 5}",pbc2,km_gini/hazard
1,365.25,58,7,2,0,0.07580390731063215,0.03618278430129407,"{'forest__max_features': None, 'forest__min_ids_leaf': 5}",pbc2,km_gini/hazard
1,730.5,56,8,3,0,0.05743306998269948,0.052793131411620994,"{'forest__max_features': None, 'forest__min_ids_leaf': 5}",pbc2,km_gini/hazard
1,1095.75,49,5,3,0,0.03853812093052521,0.02993770556720158,"{'forest__max_features': None, 'forest__min_ids_leaf': 5}",pbc2,km_gini/hazard
1,1461.0,45,2,7,0,0.01719566709508884,0.01426900322901899,"{'forest__max_features': None, 'forest__min_ids_leaf': 5}",pbc2,km_gini/hazard
2,365.25,58,9,0,0,0.06476561545485211,0.047036142008698885,"{'forest__max_features': None, 'forest__min_ids_leaf': 5}",pbc2,km_gini/hazard
2,730.5,56,11,0,0,0.07626695513699477,0.06943802801033926,"{'forest__max_features': None, 'forest__min_ids_leaf': 5}",pbc2,km_gini/hazard
2,1095.75,49,9,2,0,0.12593700235958707,0.07166002393710286,"{'forest__max_features': None, 'forest__min_ids_leaf': 5}",pbc2,km_gini/hazard
2,1461.0,45,5,10,0,0.09055612878842595,0.07735864733449876,"{'forest__max_features': None, 'forest__min_ids_leaf': 5}",pbc2,km_gini/hazard
3,365.25,58,6,3,0,0.09755284925632514,0.055844884706750815,"{'forest__max_features': None, 'forest__min_ids_leaf': 5}",pbc2,km_gini/hazard
3,730.5,55,7,3,0,0.06914752940129597,0.058788497096733346,"{'forest__max_features': None, 'forest__min_ids_leaf': 5}",pbc2,km_gini/hazard
3,1095.75,49,5,4,0,0.08948059334050538,0.047547151878281055,"{'forest__max_features': None, 'forest__min_ids_leaf': 5}",pbc2,km_gini/hazard
3,1461.0,45,5,6,0,0.12022296434209997,0.0647627887611587,"{'forest__max_features': None, 'forest__min_ids_leaf': 5}",pbc2,km_gini/hazard
4,365.25,58,8,1,0,0.08895103939691659,0.052317727304219776,"{'forest__max_features': None, 'forest__min_ids_leaf': 5}",pbc2,km_gini/hazard
4,730.5,55,8,2,0,0.08584806298672018,0.05399668039400848,"{'forest__max_features': None, 'forest__min_ids_leaf': 5}",pbc2,km_gini/hazard
4,1095.75,49,5,2,0,0.09143197775649405,0.058725456911103716,"{'forest__max_features': None, 'forest__min_ids_leaf': 5}",pbc2,km_gini/hazard
4,1461.0,45,7,6,0,0.12929895603146702,0.0645663553138007,"{'forest__max_features': None, 'forest__min_ids_leaf': 5}",pbc2,km_gini/hazard
0,365.25,58,7,2,0,0.08231624217104648,0.0471680279732361,"{'forest__max_features': None, 'forest__min_ids_leaf': 5}",pbc2,km_gini/survival
0,730.5,56,8,3,0,0.09518997654315144,0.06278011586118629,"{'forest__max_features': None, 'forest__min_ids_leaf': 5}",pbc2,km_gini/survival
0,1095.75,49,5,3,0,0.08046784056553338,0.05088314341762001,"{'forest__max_features': None, 'forest__min_ids_leaf': 5}",pbc2,km_gini/survival
0,1461.0,45,4,7,0,0.10498619018947167,0.05515059110405985,"{'forest__max_features': None, 'forest__min_ids_leaf': 5}",pbc2,km_gini/survival
1,365.25,58,7,2,0,0.0799309958345685,0.03591286507564901,"{'forest__max_features': None, 'forest__min_ids_leaf': 5}",pbc2,km_gini/survival
1,730.5,56,8,3,0,0.06604936033794842,0.05573924428145101,"{'forest__max_features': None, 'forest__min_ids_leaf': 5}",pbc2,km_gini/survival
1,1095.75,49,5,3,0,0.04309082008870967,0.02980205524771882,"{'forest__max_features': None, 'forest__min_ids_leaf': 5}",pbc2,km_gini/survival
1,1461.0,45,2,7,0,0.01983127341570386,0.015448503683401523,"{'forest__max_features': None, 'forest__min_ids_leaf': 5}",pbc2,km_gini/survival
2,365.25,58,9,0,0,0.06653950395000915,0.04705044442202779,"{'forest__max_features': None, 'forest__min_ids_leaf': 5}",pbc2,km_gini/survival
2,730.5,56,11,0,0,0.0834602373871386,0.07222751698146417,"{'forest__max_features': None, 'forest__min_ids_leaf': 5}",pbc2,km_gini/survival
2,1095.75,49,9,2,0,0.13051363798502233,0.07329424404995964,"{'forest__max_features': None, 'forest__min_ids_leaf': 5}",pbc2,km_gini/survival
2,1461.0,45,5,10,0,0.0907293788686261,0.07829764826832018,"{'forest__max_features': None, 'forest__min_ids_leaf': 5}",pbc2,km_gini/survival
3,365.25,58,6,3,0,0.09490427075650888,0.055078261735613,"{'forest__max_features': None, 'forest__min_ids_leaf': 5}",pbc2,km_gini/survival
3,730.5,55,7,3,0,0.06935655646535235,0.05923641536801698,"{'forest__max_features': None, 'forest__min_ids_leaf': 5}",pbc2,km_gini/survival
3,1095.75,49,5,4,0,0.08408225485253526,0.04668251354721748,"{'forest__max_features': None, 'forest__min_ids_leaf': 5}",pbc2,km_gini/survival
3,1461.0,45,5,6,0,0.11387349356973214,0.06267121972759153,"{'forest__max_features': None, 'forest__min_ids_leaf': 5}",pbc2,km_gini/survival
4,365.25,58,8,1,0,0.090507920340251,0.05219509344193062,"{'forest__max_features': None, 'forest__min_ids_leaf': 5}",pbc2,km_gini/survival
4,730.5,55,8,2,0,0.08760362417262461,0.055421741967237155,"{'forest__max_features': None, 'forest__min_ids_leaf': 5}",pbc2,km_gini/survival
4,1095.75,49,5,2,0,0.08725934895543092,0.05790191647780693,"{'forest__max_features': None, 'forest__min_ids_leaf': 5}",pbc2,km_gini/survival
4,1461.0,45,7,6,0,0.1369694766509111,0.06661338261853679,"{'forest__max_features': None, 'forest__min_ids_leaf': 5}",pbc2,km_gini/survival
0,66.0,596,100,23,0,0.1285631865565573,0.06644118901167284,"{'forest__max_features': None, 'forest__min_ids_leaf': 50}",panel,logrank/hazard
0,69.0,532,87,14,0,0.1296220727251071,0.07451769699517853,"{'forest__max_features': None, 'forest__min_ids_leaf': 50}",panel,logrank/hazard
1,72.0,470,61,8,0,0.10643452984175464,0.05875312494093406,"{'forest__max_features': None, 'forest__min_ids_leaf': 50}",panel,logrank/hazard
1,75.0,430,57,14,0,0.11271120510349478,0.05526037225537026,"{'forest__max_features': None, 'forest__min_ids_leaf': 50}",panel,logrank/hazard
2,78.0,398,55,11,0,0.11382846155372515,0.06514243109450629,"{'forest__max_features': None, 'forest__min_ids_leaf': 50}",panel,logrank/hazard
2,81.0,359,43,5,0,0.09888678574147211,0.05132670933636991,"{'forest__max_features': None, 'forest__min_ids_leaf': 50}",panel,logrank/hazard
3,84.0,331,46,3,0,0.11624604219753629,0.052695932853334626,"{'forest__max_features': None, 'forest__min_ids_leaf': 50}",panel,logrank/hazard
3,87.0,310,49,7,0,0.11930283405215542,0.06695343244178345,"{'forest__max_features': None, 'forest__min_ids_leaf': 50}",panel,logrank/hazard
4,90.0,282,34,9,0,0.09501564780415934,0.057636231378160645,"{'forest__max_features': 'sqrt', 'forest__min_ids_leaf': 50}",panel,logrank/hazard
4,93.0,252,11,241,0,0.02922351404346386,0.027848345181326815,"{'forest__max_features': 'sqrt', 'forest__min_ids_leaf': 50}",panel,logrank/hazard
0,66.0,596,100,23,0,0.1287267155052393,0.06649971762629528,"{'forest__max_features': None, 'forest__min_ids_leaf': 50}",panel,logrank/survival
0,69.0,532,87,14,0,0.12967789791725276,0.0745061038538193,"{'forest__max_features': None, 'forest__min_ids_leaf': 50}",panel,logrank/survival
1,72.0,470,61,8,0,0.10637696087099546,0.0587444154650773,"{'forest__max_features': None, 'forest__min_ids_leaf': 50}",panel,logrank/survival
1,75.0,430,57,14,0,0.1125258697722263,0.05520508949925168,"{'forest__max_features': None, 'forest__min_ids_leaf': 50}",panel,logrank/survival
2,78.0,398,55,11,0,0.11376032631610647,0.06514515395783636,"{'forest__max_features': None, 'forest__min_ids_leaf': 50}",panel,logrank/survival
2,81.0,359,43,5,0,0.09874623612926077,0.05127382511694043,"{'forest__max_features': None, 'forest__min_ids_leaf': 50}",panel,logrank/survival
3,84.0,331,46,3,0,0.11615084973780207,0.05263560410392176,"{'forest__max_features': None, 'forest__min_ids_leaf': 50}",panel,logrank/survival
3,87.0,310,49,7,0,0.11959446476126606,0.06701440324075945,"{'forest__max_features': None, 'forest__min_ids_leaf': 50}",panel,logrank/survival
4,90.0,282,34,9,0,0.09582374874674013,0.05725177795530886,"{'forest__max_features': 'sqrt', 'forest__min_ids_leaf': 15}",panel,logrank/survival
4,93.0,252,11,241,0,0.03003509409146319,0.028496812824741813,"{'forest__max_features': 'sqrt', 'forest__min_ids_leaf': 15}",panel,logrank/survival
0,66.0,596,100,23,0,0.12942099424607154,0.06683030353991942,"{'forest__max_features': None, 'forest__min_ids_leaf': 50}",panel,grouped_lik/hazard
0,69.0,532,87,14,0,0.12939718764673183,0.07485881352878207,"{'forest__max_features': None, 'forest__min_ids_leaf': 50}",panel,grouped_lik/hazard
1,72.0,470,61,8,0,0.10637751211496456,0.05846193432792422,"{'forest__max_features': None, 'forest__min_ids_leaf': 50}",panel,grouped_lik/hazard
1,75.0,430,57,14,0,0.11311759261854837,0.05541410589646829,"{'forest__max_features': None, 'forest__min_ids_leaf': 50}",panel,grouped_lik/hazard
2,78.0,398,55,11,0,0.11398007566422394,0.06514517504658636,"{'forest__max_features': None, 'forest__min_ids_leaf': 50}",panel,grouped_lik/hazard
2,81.0,359,43,5,0,0.09845779268214895,0.05104970225364826,"{'forest__max_features': None, 'forest__min_ids_leaf': 50}",panel,grouped_lik/hazard
3,84.0,331,46,3,0,0.11644671699494505,0.052683382398497756,"{'forest__max_features': None, 'forest__min_ids_leaf': 50}",panel,grouped_lik/hazard
3,87.0,310,49,7,0,0.11951862943817128,0.06683847000474542,"{'forest__max_features': None, 'forest__min_ids_leaf': 50}",panel,grouped_lik/hazard
4,90.0,282,34,9,0,0.09514867797871698,0.05782914042769616,"{'forest__max_features': 'sqrt', 'forest__min_ids_leaf': 50}",panel,grouped_lik/hazard
4,93.0,252,11,241,0,0.029310634251138452,0.0278794297834571,"{'forest__max_features': 'sqrt', 'forest__min_ids_leaf': 50}",panel,grouped_lik/hazard
0,66.0,596,100,23,0,0.12957527624040252,0.06688807023288224,"{'forest__max_features': None, 'forest__min_ids_leaf': 50}",panel,grouped_lik/survival
0,69.0,532,87,14,0,0.12945216380127664,0.07484253478371412,"{'forest__max_features': None, 'forest__min_ids_leaf': 50}",panel,grouped_lik/survival
1,72.0,470,61,8,0,0.10634074542104163,0.05846201099064119,"{'forest__max_features': None, 'forest__min_ids_leaf': 50}",panel,grouped_lik/survival
1,75.0,430,57,14,0,0.11302300750386451,0.0553758103691644,"{'forest__max_features': None, 'forest__min_ids_leaf': 50}",panel,grouped_lik/survival
2,78.0,398,55,11,0,0.11398770120014919,0.06517393594356448,"{'forest__max_features': None, 'forest__min_ids_leaf': 50}",panel,grouped_lik/survival
2,81.0,359,43,5,0,0.09843106722981865,0.051039401611932274,"{'forest__max_features': None, 'forest__min_ids_leaf': 50}",panel,grouped_lik/survival
3,84.0,331,46,3,0,0.11640904964076419,0.05265770876203679,"{'forest__max_features': None, 'forest__min_ids_leaf': 50}",panel,grouped_lik/survival
3,87.0,310,49,7,0,0.11977576205414352,0.06689515439779031,"{'forest__max_features': None, 'forest__min_ids_leaf': 50}",panel,grouped_lik/survival
4,90.0,282,34,9,0,0.09522799144319576,0.057944196947703544,"{'forest__max_features': 'sqrt', 'forest__min_ids_leaf': 50}",panel,grouped_lik/survival
4,93.0,252,11,241,0,0.029512932288064543,0.027936421380605023,"{'forest__max_features': 'sqrt', 'forest__min_ids_leaf': 50}",panel,grouped_lik/survival
0,66.0,596,100,23,0,0.12834159849031207,0.06631486520099611,"{'forest__max_features': None, 'forest__min_ids_leaf': 50}",panel,poisson/hazard
0,69.0,532,87,14,0,0.12920687066055436,0.07443015293021532,"{'forest__max_features': None, 'forest__min_ids_leaf': 50}",panel,poisson/hazard
1,72.0,470,61,8,0,0.10673581769399394,0.058874011458440234,"{'forest__max_features': None, 'forest__min_ids_leaf': 50}",panel,poisson/hazard
1,75.0,430,57,14,0,0.11266547972222278,0.05529806427075443,"{'forest__max_features': None, 'forest__min_ids_leaf': 50}",panel,poisson/hazard
2,78.0,398,55,11,0,0.11376162676379946,0.06515998787105515,"{'forest__max_features': None, 'forest__min_ids_leaf': 50}",panel,poisson/hazard
2,81.0,359,43,5,0,0.09876555426340373,0.051192201613023604,"{'forest__max_features': None, 'forest__min_ids_leaf': 50}",panel,poisson/hazard
3,84.0,331,46,3,0,0.11625120068753736,0.05267111325218117,"{'forest__max_features': None, 'forest__min_ids_leaf': 50}",panel,poisson/hazard
3,87.0,310,49,7,0,0.11896948427620897,0.06687374025199067,"{'forest__max_features': None, 'forest__min_ids_leaf': 50}",panel,poisson/hazard
4,90.0,282,34,9,0,0.09539861050554499,0.057817853614491356,"{'forest__max_features': 'sqrt', 'forest__min_ids_leaf': 50}",panel,poisson/hazard
4,93.0,252,11,241,0,0.029330095801287617,0.027866230188554882,"{'forest__max_features': 'sqrt', 'forest__min_ids_leaf': 50}",panel,poisson/hazard
0,66.0,596,100,23,0,0.12850885748596794,0.06637371902146337,"{'forest__max_features': None, 'forest__min_ids_leaf': 50}",panel,poisson/survival
0,69.0,532,87,14,0,0.12929936568612843,0.07442342194948179,"{'forest__max_features': None, 'forest__min_ids_leaf': 50}",panel,poisson/survival
1,72.0,470,61,8,0,0.10666888010740731,0.05886757936326523,"{'forest__max_features': None, 'forest__min_ids_leaf': 50}",panel,poisson/survival
1,75.0,430,57,14,0,0.11249019047444815,0.0552497831269594,"{'forest__max_features': None, 'forest__min_ids_leaf': 50}",panel,poisson/survival
2,78.0,398,55,11,0,0.11371818648815323,0.06517542973341495,"{'forest__max_features': None, 'forest__min_ids_leaf': 50}",panel,poisson/survival
2,81.0,359,43,5,0,0.09868307628102252,0.051153845292389255,"{'forest__max_features': None, 'forest__min_ids_leaf': 50}",panel,poisson/survival
3,84.0,331,46,3,0,0.11619178442128603,0.05262489846205289,"{'forest__max_features': None, 'forest__min_ids_leaf': 50}",panel,poisson/survival
3,87.0,310,49,7,0,0.11926633000875622,0.06694155593373077,"{'forest__max_features': None, 'forest__min_ids_leaf': 50}",panel,poisson/survival
4,90.0,282,34,9,0,0.09566546687563122,0.057346824325072036,"{'forest__max_features': 'sqrt', 'forest__min_ids_leaf': 15}",panel,poisson/survival
4,93.0,252,11,241,0,0.030300506051607366,0.028556371022625385,"{'forest__max_features': 'sqrt', 'forest__min_ids_leaf': 15}",panel,poisson/survival
0,66.0,596,100,23,0,0.14241937657118542,0.07438523608622409,"{'forest__max_features': None, 'forest__min_ids_leaf': 50}",panel,km_gini/hazard
0,69.0,532,87,14,0,0.13862302677470367,0.07832628252115126,"{'forest__max_features': None, 'forest__min_ids_leaf': 50}",panel,km_gini/hazard
1,72.0,470,61,8,0,0.1142510542434541,0.062438131468343046,"{'forest__max_features': None, 'forest__min_ids_leaf': 5}",panel,km_gini/hazard
1,75.0,430,57,14,0,0.11685248453058561,0.05821041927936044,"{'forest__max_features': None, 'forest__min_ids_leaf': 5}",panel,km_gini/hazard
2,78.0,398,55,11,0,0.1206696709836592,0.06934222133584367,"{'forest__max_features': None, 'forest__min_ids_leaf': 5}",panel,km_gini/hazard
2,81.0,359,43,5,0,0.10729635057677163,0.054473796586365884,"{'forest__max_features': None, 'forest__min_ids_leaf': 5}",panel,km_gini/hazard
3,84.0,331,46,3,0,0.1201605765226739,0.05516752224893708,"{'forest__max_features': None, 'forest__min_ids_leaf': 5}",panel,km_gini/hazard
3,87.0,310,49,7,0,0.13404834228589915,0.07350823084541705,"{'forest__max_features': None, 'forest__min_ids_leaf': 5}",panel,km_gini/hazard
4,90.0,282,34,9,0,0.10821062198289162,0.06752710545367209,"{'forest__max_features': None, 'forest__min_ids_leaf': 5}",panel,km_gini/hazard
4,93.0,252,11,241,0,0.03160494610665664,0.029132041196873893,"{'forest__max_features': None, 'forest__min_ids_leaf': 5}",panel,km_gini/hazard
0,66.0,596,100,23,0,0.14241936384443993,0.07438523500172758,"{'forest__max_features': None, 'forest__min_ids_leaf': 50}",panel,km_gini/survival
0,69.0,532,87,14,0,0.13862281743982402,0.07832625427707349,"{'forest__max_features': None, 'forest__min_ids_leaf': 50}",panel,km_gini/survival
1,72.0,470,61,8,0,0.11425080737386921,0.06243815546399843,"{'forest__max_features': None, 'forest__min_ids_leaf': 5}",panel,km_gini/survival
1,75.0,430,57,14,0,0.11685184877792291,0.05821021471228914,"{'forest__max_features': None, 'forest__min_ids_leaf': 5}",panel,km_gini/survival
2,78.0,398,55,11,0,0.12066932890508703,0.0693421206936771,"{'forest__max_features': None, 'forest__min_ids_leaf': 5}",panel,km_gini/survival
2,81.0,359,43,5,0,0.10729608636748106,0.05447369678377858,"{'forest__max_features': None, 'forest__min_ids_leaf': 5}",panel,km_gini/survival
3,84.0,331,46,3,0,0.12016050958130309,0.05516752233144102,"{'forest__max_features': None, 'forest__min_ids_leaf': 5}",panel,km_gini/survival
3,87.0,310,49,7,0,0.1340483315544991,0.07350825637950437,"{'forest__max_features': None, 'forest__min_ids_leaf': 5}",panel,km_gini/survival
4,90.0,282,34,9,0,0.10819208945785902,0.06751823179900941,"{'forest__max_features': None, 'forest__min_ids_leaf': 5}",panel,km_gini/survival
4,93.0,252,11,241,0,0.03160532428550492,0.029130279098283914,"{'forest__max_features': None, 'forest__min_ids_leaf': 5}",panel,km_gini/survival
