dataset,arm,ibs,brier,ici,slope,n_rows,n_ids,fit_seconds
pbc2,logrank/hazard,0.05231904168079136,0.080990577401133,0.03288257548256565,0.873728402963251,1038,290,0.020328208000137238
pbc2,logrank/survival,0.0518010299263004,0.08017911758338392,0.0226100168346121,1.0207112699989438,1038,290,0.02011675000176183
pbc2,grouped_lik/hazard,0.05256148686581393,0.08217688504070034,0.031453396677530394,0.8264692447856014,1038,290,0.038425459002610296
pbc2,grouped_lik/survival,0.05194899759052212,0.08023408804375481,0.027688169653993584,0.9856850263832462,1038,290,0.03712154200184159
pbc2,poisson/hazard,0.051805399683789506,0.08017222285943743,0.03238180681997962,0.884363930008928,1038,290,0.01780266700006905
pbc2,poisson/survival,0.051512821457715484,0.0793922869874435,0.025356847213322178,1.0412479174983535,1038,290,0.017435374997148756
pbc2,km_gini/hazard,0.05392620680019032,0.08528923083668594,0.035053298604429094,0.8471975231486533,1038,290,0.016582917000050656
pbc2,km_gini/survival,0.053897192922313014,0.08496372543575408,0.022790101030351544,0.9750103897677496,1038,290,0.017004249999445165
panel,logrank/hazard,0.05970716831756385,0.10972141152031369,0.008352773175153821,0.9413493111914166,3960,596,0.2913059999991674
panel,logrank/survival,0.05971648115637234,0.10983104156201405,0.011361490643554418,0.9315961253838266,3960,596,0.28603883299729205
panel,grouped_lik/hazard,0.059774521801951065,0.10988269572687544,0.008874182918271658,0.9777832876892436,3960,596,0.4492997089982964
panel,grouped_lik/survival,0.059792948197730345,0.10993251307089029,0.009414828075010886,0.9994806364250841,3960,596,0.43709366699840757
panel,poisson/hazard,0.05969016471810768,0.10965375751985247,0.010586469322153678,0.9337414955671683,3960,596,0.28721479100204306
panel,poisson/survival,0.05970200788911073,0.10975156361071127,0.010139259766582608,0.9364595470734458,3960,596,0.2892578749997483
panel,km_gini/hazard,0.06438530345986984,0.11841612630994652,0.02623479292396132,24.652645758330717,3960,596,0.0900210830004653
panel,km_gini/survival,0.06438451893477218,0.11841463749495401,0.026826909116077255,25.27444834623242,3960,596,0.08903995900254813
