dataset,fold,arm,cindex,params,fit_seconds
cl,0,logrank/hazard,0.6752751905165114,"{'min_ids_leaf': 15, 'max_features': None}",0.02186529200116638
cl,0,logrank/survival,0.6761219305673158,"{'min_ids_leaf': 15, 'max_features': None}",0.024732833000598475
cl,0,grouped_lik/hazard,0.6790855207451313,"{'min_ids_leaf': 5, 'max_features': 'sqrt'}",0.06352337499993155
cl,0,grouped_lik/survival,0.6824724809483489,"{'min_ids_leaf': 5, 'max_features': 'sqrt'}",0.06325995799852535
cl,0,poisson/hazard,0.661727349703641,"{'min_ids_leaf': 15, 'max_features': None}",0.021142833000340033
cl,0,poisson/survival,0.6591871295512278,"{'min_ids_leaf': 15, 'max_features': None}",0.021640999999362975
cl,1,logrank/hazard,0.5885028949545078,"{'min_ids_leaf': 15, 'max_features': None}",0.020746250000229338
cl,1,logrank/survival,0.5835401157981803,"{'min_ids_leaf': 15, 'max_features': None}",0.02132095799970557
cl,1,grouped_lik/hazard,0.5566583953680728,"{'min_ids_leaf': 5, 'max_features': 'sqrt'}",0.05938912499914295
cl,1,grouped_lik/survival,0.5392886683209264,"{'min_ids_leaf': 5, 'max_features': 'sqrt'}",0.06267779200061341
cl,1,poisson/hazard,0.58767576509512,"{'min_ids_leaf': 15, 'max_features': None}",0.020288707997679012
cl,1,poisson/survival,0.5843672456575683,"{'min_ids_leaf': 15, 'max_features': None}",0.019768375001149252
cl,2,logrank/hazard,0.6454478164322723,"{'min_ids_leaf': 5, 'max_features': None}",0.03490208299990627
cl,2,logrank/survival,0.6447076239822354,"{'min_ids_leaf': 5, 'max_features': None}",0.03561424999861629
cl,2,grouped_lik/hazard,0.6239822353811991,"{'min_ids_leaf': 5, 'max_features': 'sqrt'}",0.0557931670009566
cl,2,grouped_lik/survival,0.6202812731310141,"{'min_ids_leaf': 5, 'max_features': 'sqrt'}",0.056276292001712136
cl,2,poisson/hazard,0.6387860843819393,"{'min_ids_leaf': 5, 'max_features': None}",0.03350533300181269
cl,2,poisson/survival,0.6402664692820134,"{'min_ids_leaf': 5, 'max_features': None}",0.03262216700022691
cl,3,logrank/hazard,0.6373959121877366,"{'min_ids_leaf': 5, 'max_features': 'sqrt'}",0.014484334002190735
cl,3,logrank/survival,0.6464799394398183,"{'min_ids_leaf': 5, 'max_features': 'sqrt'}",0.01464295800178661
cl,3,grouped_lik/hazard,0.6161998485995458,"{'min_ids_leaf': 5, 'max_features': 'sqrt'}",0.05733108300046297
cl,3,grouped_lik/survival,0.6161998485995458,"{'min_ids_leaf': 5, 'max_features': 'sqrt'}",0.05813420800041058
cl,3,poisson/hazard,0.6593489780469342,"{'min_ids_leaf': 5, 'max_features': 'sqrt'}",0.014037332999578211
cl,3,poisson/survival,0.6616199848599545,"{'min_ids_leaf': 5, 'max_features': 'sqrt'}",0.01395362499897601
cl,4,logrank/hazard,0.6393963463065926,"{'min_ids_leaf': 5, 'max_features': 'sqrt'}",0.014437958001508377
cl,4,logrank/survival,0.6346306592533757,"{'min_ids_leaf': 5, 'max_features': None}",0.03317400000014459
cl,4,grouped_lik/hazard,0.6147736298649722,"{'min_ids_leaf': 5, 'max_features': 'sqrt'}",0.057053457996516954
cl,4,grouped_lik/survival,0.6108022239872914,"{'min_ids_leaf': 5, 'max_features': 'sqrt'}",0.05780762499853154
cl,4,poisson/hazard,0.6203335980937251,"{'min_ids_leaf': 15, 'max_features': None}",0.019547416999557754
cl,4,poisson/survival,0.6258935663224782,"{'min_ids_leaf': 5, 'max_features': None}",0.032033125000452856
