rep,arm,ise,params,fit_seconds
0,logrank/hazard,0.049030182884533785,"{'min_ids_leaf': 15, 'max_features': 'sqrt'}",0.014305624998087296
0,logrank/survival,0.08326619987653579,"{'min_ids_leaf': 15, 'max_features': None}",0.02148329199917498
0,grouped_lik/hazard,0.05025114062303764,"{'min_ids_leaf': 15, 'max_features': 'sqrt'}",0.08158041700153262
0,grouped_lik/survival,0.06578375628721261,"{'min_ids_leaf': 15, 'max_features': 'sqrt'}",0.08299354100017808
0,poisson/hazard,0.06513919728386781,"{'min_ids_leaf': 15, 'max_features': None}",0.021519499998248648
0,poisson/survival,0.08364917853489733,"{'min_ids_leaf': 15, 'max_features': None}",0.02247829199768603
1,logrank/hazard,0.05982671334800713,"{'min_ids_leaf': 50, 'max_features': None}",0.015426624999236083
1,logrank/survival,0.06274724502964492,"{'min_ids_leaf': 50, 'max_features': None}",0.019437750001088716
1,grouped_lik/hazard,0.050166914120199683,"{'min_ids_leaf': 15, 'max_features': 'sqrt'}",0.10121849999995902
1,grouped_lik/survival,0.05822367207263572,"{'min_ids_leaf': 15, 'max_features': 'sqrt'}",0.09206354200068745
1,poisson/hazard,0.05563327412410259,"{'min_ids_leaf': 50, 'max_features': None}",0.014854707998892991
1,poisson/survival,0.05688749968829887,"{'min_ids_leaf': 50, 'max_features': None}",0.014024832998984493
2,logrank/hazard,0.04774628476716338,"{'min_ids_leaf': 50, 'max_features': None}",0.014654624999820953
2,logrank/survival,0.04390262351848562,"{'min_ids_leaf': 50, 'max_features': None}",0.014138999998976942
2,grouped_lik/hazard,0.05154348369376272,"{'min_ids_leaf': 50, 'max_features': None}",0.12028333299895166
2,grouped_lik/survival,0.04793474352317828,"{'min_ids_leaf': 50, 'max_features': None}",0.1221361669995531
2,poisson/hazard,0.04367036790166411,"{'min_ids_leaf': 50, 'max_features': None}",0.014058332999411505
2,poisson/survival,0.05050407064521416,"{'min_ids_leaf': 50, 'max_features': 'sqrt'}",0.00843591699958779
3,logrank/hazard,0.06665674295882718,"{'min_ids_leaf': 15, 'max_features': 'sqrt'}",0.015357791999122128
3,logrank/survival,0.0841672795616265,"{'min_ids_leaf': 15, 'max_features': 'sqrt'}",0.015326709002692951
3,grouped_lik/hazard,0.05141426969036633,"{'min_ids_leaf': 15, 'max_features': 'sqrt'}",0.09500770800150349
3,grouped_lik/survival,0.14148802078730463,"{'min_ids_leaf': 5, 'max_features': 'sqrt'}",0.10983641700295266
3,poisson/hazard,0.0622546216007773,"{'min_ids_leaf': 15, 'max_features': 'sqrt'}",0.015436041001521517
3,poisson/survival,0.08082036491781384,"{'min_ids_leaf': 15, 'max_features': 'sqrt'}",0.015373500002169749
4,logrank/hazard,0.04497382042245762,"{'min_ids_leaf': 50, 'max_features': None}",0.014855833000183338
4,logrank/survival,0.04491549605369004,"{'min_ids_leaf': 50, 'max_features': None}",0.014761166999960551
4,grouped_lik/hazard,0.049676372783633106,"{'min_ids_leaf': 15, 'max_features': 'sqrt'}",0.09004729099979158
4,grouped_lik/survival,0.05667476961955386,"{'min_ids_leaf': 15, 'max_features': 'sqrt'}",0.08869258300182992
4,poisson/hazard,0.03607686897056337,"{'min_ids_leaf': 50, 'max_features': None}",0.01364708300025086
4,poisson/survival,0.036127482193182424,"{'min_ids_leaf': 50, 'max_features': None}",0.013670750002347631
5,logrank/hazard,0.0607602433269709,"{'min_ids_leaf': 50, 'max_features': None}",0.012998875001358101
5,logrank/survival,0.0771844407526562,"{'min_ids_leaf': 50, 'max_features': 'sqrt'}",0.008752166999329347
5,grouped_lik/hazard,0.0777562920298919,"{'min_ids_leaf': 50, 'max_features': None}",0.11121358299715212
5,grouped_lik/survival,0.07397048438669541,"{'min_ids_leaf': 50, 'max_features': None}",0.11685237500205403
5,poisson/hazard,0.07713670366132437,"{'min_ids_leaf': 50, 'max_features': 'sqrt'}",0.009174625000014203
5,poisson/survival,0.07198868797895841,"{'min_ids_leaf': 50, 'max_features': 'sqrt'}",0.008235792000050424
6,logrank/hazard,0.06092706573455946,"{'min_ids_leaf': 15, 'max_features': 'sqrt'}",0.016479333000461338
6,logrank/survival,0.07476262597379525,"{'min_ids_leaf': 15, 'max_features': 'sqrt'}",0.01621191700178315
6,grouped_lik/hazard,0.05084285744045108,"{'min_ids_leaf': 15, 'max_features': 'sqrt'}",0.08647133400154416
6,grouped_lik/survival,0.06282541712596695,"{'min_ids_leaf': 15, 'max_features': 'sqrt'}",0.08588412500103004
6,poisson/hazard,0.06000999952214526,"{'min_ids_leaf': 15, 'max_features': 'sqrt'}",0.01635612499740091
6,poisson/survival,0.07466883348761061,"{'min_ids_leaf': 15, 'max_features': 'sqrt'}",0.01655054100046982
7,logrank/hazard,0.054266544357517044,"{'min_ids_leaf': 15, 'max_features': 'sqrt'}",0.01500362500155461
7,logrank/survival,0.05999312004636424,"{'min_ids_leaf': 15, 'max_features': 'sqrt'}",0.014075625000259606
7,grouped_lik/hazard,0.0668420891548696,"{'min_ids_leaf': 50, 'max_features': 'sqrt'}",0.057014000001800014
7,grouped_lik/survival,0.06170682752832295,"{'min_ids_leaf': 50, 'max_features': 'sqrt'}",0.0531983750006475
7,poisson/hazard,0.06163900401045824,"{'min_ids_leaf': 50, 'max_features': 'sqrt'}",0.01165512499937904
7,poisson/survival,0.0576015037081992,"{'min_ids_leaf': 50, 'max_features': 'sqrt'}",0.007745041999442037
8,logrank/hazard,0.04137730005257951,"{'min_ids_leaf': 50, 'max_features': None}",0.01401879100012593
8,logrank/survival,0.04312591937405107,"{'min_ids_leaf': 50, 'max_features': None}",0.014040125002793502
8,grouped_lik/hazard,0.048368013607788925,"{'min_ids_leaf': 15, 'max_features': 'sqrt'}",0.10138400000141701
8,grouped_lik/survival,0.06005715256143627,"{'min_ids_leaf': 15, 'max_features': 'sqrt'}",0.08771466700272867
8,poisson/hazard,0.0531866148700003,"{'min_ids_leaf': 15, 'max_features': 'sqrt'}",0.016185958000278333
8,poisson/survival,0.06963518106103563,"{'min_ids_leaf': 15, 'max_features': 'sqrt'}",0.01455612500285497
9,logrank/hazard,0.0694255784753957,"{'min_ids_leaf': 15, 'max_features': None}",0.022290709002845688
9,logrank/survival,0.08167441083989622,"{'min_ids_leaf': 15, 'max_features': None}",0.022482542000943795
9,grouped_lik/hazard,0.07399820965846071,"{'min_ids_leaf': 15, 'max_features': None}",0.1843232920000446
9,grouped_lik/survival,0.07563671418941534,"{'min_ids_leaf': 15, 'max_features': None}",0.16899054200257524
9,poisson/hazard,0.06400823322171835,"{'min_ids_leaf': 50, 'max_features': 'sqrt'}",0.008365957997739315
9,poisson/survival,0.05121505506635705,"{'min_ids_leaf': 50, 'max_features': None}",0.012789874999725726
10,logrank/hazard,0.05479715555653868,"{'min_ids_leaf': 15, 'max_features': 'sqrt'}",0.014940291999664623
10,logrank/survival,0.059480662750171095,"{'min_ids_leaf': 15, 'max_features': 'sqrt'}",0.014358459000504809
10,grouped_lik/hazard,0.051833864682484895,"{'min_ids_leaf': 15, 'max_features': 'sqrt'}",0.08336358299857238
10,grouped_lik/survival,0.05283535689679642,"{'min_ids_leaf': 15, 'max_features': 'sqrt'}",0.08510141700025997
10,poisson/hazard,0.05199449870032465,"{'min_ids_leaf': 15, 'max_features': 'sqrt'}",0.01553050000075018
10,poisson/survival,0.056934782722416165,"{'min_ids_leaf': 15, 'max_features': 'sqrt'}",0.015082374997291481
11,logrank/hazard,0.050098777727250826,"{'min_ids_leaf': 50, 'max_features': None}",0.014408040999114746
11,logrank/survival,0.04904032563022726,"{'min_ids_leaf': 50, 'max_features': None}",0.014326416996482294
11,grouped_lik/hazard,0.06732702194465492,"{'min_ids_leaf': 15, 'max_features': None}",0.1683532080023724
11,grouped_lik/survival,0.06103914391989855,"{'min_ids_leaf': 50, 'max_features': None}",0.1181965420000779
11,poisson/hazard,0.048695998715673754,"{'min_ids_leaf': 50, 'max_features': None}",0.014036750002560439
11,poisson/survival,0.047156708982970426,"{'min_ids_leaf': 50, 'max_features': None}",0.014498458000161918
12,logrank/hazard,0.05826563665857105,"{'min_ids_leaf': 15, 'max_features': 'sqrt'}",0.018634959000337403
12,logrank/survival,0.08027767640950151,"{'min_ids_leaf': 15, 'max_features': None}",0.022836125001049368
12,grouped_lik/hazard,0.10294194165270106,"{'min_ids_leaf': 5, 'max_features': 'sqrt'}",0.09674645899940515
12,grouped_lik/survival,0.05830203707537192,"{'min_ids_leaf': 15, 'max_features': 'sqrt'}",0.08478774999821326
12,poisson/hazard,0.0761224325689427,"{'min_ids_leaf': 15, 'max_features': None}",0.02247633300066809
12,poisson/survival,0.08539070837896105,"{'min_ids_leaf': 15, 'max_features': None}",0.022855084000184434
13,logrank/hazard,0.05425331336436209,"{'min_ids_leaf': 50, 'max_features': None}",0.013976041998830624
13,logrank/survival,0.05348000502891942,"{'min_ids_leaf': 50, 'max_features': None}",0.021923874999629334
13,grouped_lik/hazard,0.05227633129806938,"{'min_ids_leaf': 15, 'max_features': 'sqrt'}",0.09335729200029164
13,grouped_lik/survival,0.05807701684847827,"{'min_ids_leaf': 15, 'max_features': 'sqrt'}",0.08405479100110824
13,poisson/hazard,0.06035814840604863,"{'min_ids_leaf': 50, 'max_features': None}",0.013705207999009872
13,poisson/survival,0.05882697477997021,"{'min_ids_leaf': 50, 'max_features': None}",0.014627708998887101
14,logrank/hazard,0.04142663182280144,"{'min_ids_leaf': 50, 'max_features': 'sqrt'}",0.008803750002698507
14,logrank/survival,0.044127201065125014,"{'min_ids_leaf': 50, 'max_features': 'sqrt'}",0.008865292002155911
14,grouped_lik/hazard,0.0548090297365261,"{'min_ids_leaf': 15, 'max_features': 'sqrt'}",0.08466754199980642
14,grouped_lik/survival,0.057687744569755256,"{'min_ids_leaf': 15, 'max_features': 'sqrt'}",0.0840209159978258
14,poisson/hazard,0.045770392111950116,"{'min_ids_leaf': 50, 'max_features': 'sqrt'}",0.009252332998585189
14,poisson/survival,0.048539885981991236,"{'min_ids_leaf': 50, 'max_features': 'sqrt'}",0.009426166001503589
15,logrank/hazard,0.06395125198575155,"{'min_ids_leaf': 15, 'max_features': None}",0.022374749998562038
15,logrank/survival,0.04546224421001223,"{'min_ids_leaf': 50, 'max_features': None}",0.01376558300034958
15,grouped_lik/hazard,0.06698240271813478,"{'min_ids_leaf': 15, 'max_features': None}",0.17031150000184425
15,grouped_lik/survival,0.06222113887561944,"{'min_ids_leaf': 15, 'max_features': None}",0.16446970899778535
15,poisson/hazard,0.06124220481520076,"{'min_ids_leaf': 15, 'max_features': None}",0.022127583000838058
15,poisson/survival,0.0470994646163631,"{'min_ids_leaf': 50, 'max_features': None}",0.01350191700112191
16,logrank/hazard,0.07853123723610424,"{'min_ids_leaf': 15, 'max_features': None}",0.02055783299874747
16,logrank/survival,0.06952343714374341,"{'min_ids_leaf': 50, 'max_features': 'sqrt'}",0.009981374998460524
16,grouped_lik/hazard,0.058906371164941386,"{'min_ids_leaf': 50, 'max_features': None}",0.10866941599670099
16,grouped_lik/survival,0.08124525284310659,"{'min_ids_leaf': 50, 'max_features': 'sqrt'}",0.05480475000149454
16,poisson/hazard,0.08279502033923654,"{'min_ids_leaf': 15, 'max_features': None}",0.020626083998649847
16,poisson/survival,0.10848763442543934,"{'min_ids_leaf': 15, 'max_features': None}",0.02154441700258758
17,logrank/hazard,0.04134457544525825,"{'min_ids_leaf': 50, 'max_features': None}",0.018466000001353677
17,logrank/survival,0.039348795858036724,"{'min_ids_leaf': 50, 'max_features': None}",0.014087208001001272
17,grouped_lik/hazard,0.056057010584713754,"{'min_ids_leaf': 50, 'max_features': 'sqrt'}",0.05903029200271703
17,grouped_lik/survival,0.05599479947443078,"{'min_ids_leaf': 50, 'max_features': 'sqrt'}",0.05578116700053215
17,poisson/hazard,0.04470782604894964,"{'min_ids_leaf': 50, 'max_features': None}",0.014227499999833526
17,poisson/survival,0.042573047369551135,"{'min_ids_leaf': 50, 'max_features': None}",0.014691083997604437
18,logrank/hazard,0.04784604930676076,"{'min_ids_leaf': 50, 'max_features': 'sqrt'}",0.008914500001992565
18,logrank/survival,0.04899802929574213,"{'min_ids_leaf': 50, 'max_features': 'sqrt'}",0.009678542002802715
18,grouped_lik/hazard,0.05879200058258301,"{'min_ids_leaf': 50, 'max_features': 'sqrt'}",0.056188208000094164
18,grouped_lik/survival,0.05740668424922461,"{'min_ids_leaf': 50, 'max_features': 'sqrt'}",0.0549003329979314
18,poisson/hazard,0.05140347818541814,"{'min_ids_leaf': 15, 'max_features': 'sqrt'}",0.01440987499881885
18,poisson/survival,0.05901166744902145,"{'min_ids_leaf': 15, 'max_features': 'sqrt'}",0.014736875000380678
19,logrank/hazard,0.06290209251936783,"{'min_ids_leaf': 50, 'max_features': None}",0.016786584001238225
19,logrank/survival,0.05979894615541277,"{'min_ids_leaf': 50, 'max_features': None}",0.014873041000100784
19,grouped_lik/hazard,0.05450081800136121,"{'min_ids_leaf': 50, 'max_features': None}",0.12150729200220667
19,grouped_lik/survival,0.05252765399310309,"{'min_ids_leaf': 50, 'max_features': None}",0.11673362500005169
19,poisson/hazard,0.052712490198441625,"{'min_ids_leaf': 50, 'max_features': None}",0.014425833000132116
19,poisson/survival,0.049557078558506544,"{'min_ids_leaf': 50, 'max_features': None}",0.013902708997193258
