decision,check,arm,dataset,value,bound,pass
default -> grouped_lik,i_sim_ise,grouped_lik/hazard,sim,0.004343961860892689,0.010743374143310187,false
default -> grouped_lik,ii_ibs_not_worse,grouped_lik/hazard,pbc2,0.0002424451850225745,-0.0009559861530083797,true
default -> grouped_lik,ii_ibs_not_worse,grouped_lik/hazard,panel,0.000067353484387217,-0.0001394860556664483,true
default -> grouped_lik,ii_ibs_better_somewhere,grouped_lik/hazard,pbc2+panel,,0.00024592904634922257,false
default -> grouped_lik,iii_ici_not_worse,grouped_lik/hazard,pbc2,-0.001429178805035257,-0.02009892435242829,true
default -> grouped_lik,iii_ici_not_worse,grouped_lik/hazard,panel,0.0005214097431178368,-0.008995389267656966,true
default -> grouped_lik,iv_fit_time,grouped_lik/hazard,pbc2,1.8902531399890674,2.0,true
default -> grouped_lik,iv_fit_time,grouped_lik/hazard,panel,1.5423633876390483,2.0,true
default -> grouped_lik,i_sim_ise,grouped_lik/survival,sim,0.004818085112693477,0.012410268542083767,false
default -> grouped_lik,ii_ibs_not_worse,grouped_lik/survival,pbc2,0.00014796766422171814,-0.0009718925541538992,true
default -> grouped_lik,ii_ibs_not_worse,grouped_lik/survival,panel,0.00007646704135800403,-0.0001489404331412229,true
default -> grouped_lik,ii_ibs_better_somewhere,grouped_lik/survival,pbc2+panel,,0.0003075280021421208,false
default -> grouped_lik,iii_ici_not_worse,grouped_lik/survival,pbc2,0.005078152819381485,-0.023949213969591612,true
default -> grouped_lik,iii_ici_not_worse,grouped_lik/survival,panel,-0.0019466625685435317,-0.008872484477842382,true
default -> grouped_lik,iv_fit_time,grouped_lik/survival,pbc2,1.845305131225992,2.0,true
default -> grouped_lik,iv_fit_time,grouped_lik/survival,panel,1.5280920510626805,2.0,true
default -> km_gini,i_sim_ise,km_gini/hazard,sim,,,false
default -> km_gini,ii_ibs_not_worse,km_gini/hazard,pbc2,0.0016071651193989636,-0.0010216259519746328,true
default -> km_gini,ii_ibs_not_worse,km_gini/hazard,panel,0.004678135142305993,0.002901632109129294,false
default -> km_gini,ii_ibs_better_somewhere,km_gini/hazard,pbc2+panel,,0.004642438468569862,false
default -> km_gini,iii_ici_not_worse,km_gini/hazard,pbc2,0.0021707231218634424,-0.018692499954300314,true
default -> km_gini,iii_ici_not_worse,km_gini/hazard,panel,0.0178820197488075,-0.005715162615487374,true
default -> km_gini,iv_fit_time,km_gini/hazard,pbc2,0.8157589198191353,2.0,true
default -> km_gini,iv_fit_time,km_gini/hazard,panel,0.30902584567678865,2.0,true
default -> km_gini,i_sim_ise,km_gini/survival,sim,,,false
default -> km_gini,ii_ibs_not_worse,km_gini/survival,pbc2,0.0020961629960126113,-0.0002976644365947095,true
default -> km_gini,ii_ibs_not_worse,km_gini/survival,panel,0.0046680377783998375,0.002892333445121671,false
default -> km_gini,ii_ibs_better_somewhere,km_gini/survival,pbc2+panel,,0.004764553050211832,false
default -> km_gini,iii_ici_not_worse,km_gini/survival,pbc2,0.00018008419573944598,-0.022833311277297697,true
default -> km_gini,iii_ici_not_worse,km_gini/survival,panel,0.015465418472522837,-0.010966758320913943,true
default -> km_gini,iv_fit_time,km_gini/survival,pbc2,0.8452781884725877,2.0,true
default -> km_gini,iv_fit_time,km_gini/survival,panel,0.3112862616223549,2.0,true
default -> poisson,i_sim_ise,poisson/hazard,sim,0.002307508865301494,0.006029519715601931,false
default -> poisson,ii_ibs_not_worse,poisson/hazard,pbc2,-0.0005136419970018513,-0.0020274698463511025,true
default -> poisson,ii_ibs_not_worse,poisson/hazard,panel,-0.000017003599456166807,-0.00011760102074693003,true
default -> poisson,ii_ibs_better_somewhere,poisson/hazard,pbc2+panel,,0.00009690243216839226,false
default -> poisson,iii_ici_not_worse,poisson/hazard,pbc2,-0.0005007686625860333,-0.020928746727988664,true
default -> poisson,iii_ici_not_worse,poisson/hazard,panel,0.002233696146999857,-0.005258755696651823,true
default -> poisson,iv_fit_time,poisson/hazard,pbc2,0.8757617493853301,2.0,true
default -> poisson,iv_fit_time,poisson/hazard,panel,0.9859556308584924,2.0,true
default -> poisson,i_sim_ise,poisson/survival,sim,0.0015699562986560376,0.007726787497890141,false
default -> poisson,ii_ibs_not_worse,poisson/survival,pbc2,-0.000288208468584919,-0.0014996833713152254,true
default -> poisson,ii_ibs_not_worse,poisson/survival,panel,-0.000014473267261609635,-0.00011135923365947556,true
default -> poisson,ii_ibs_better_somewhere,poisson/survival,pbc2+panel,,0.00009458816504180396,false
default -> poisson,iii_ici_not_worse,poisson/survival,pbc2,0.0027468303787100794,-0.02150333599962291,true
default -> poisson,iii_ici_not_worse,poisson/survival,panel,-0.0012222308769718106,-0.0062146211606455,true
default -> poisson,iv_fit_time,poisson/survival,pbc2,0.8667093340436085,2.0,true
default -> poisson,iv_fit_time,poisson/survival,panel,1.0112538635706387,2.0,true
D11 -> survival,d11_ici_better,logrank/survival,pbc2,-0.010272558647953553,0.013774005761367048,false
D11 -> survival,d11_ibs_not_worse,logrank/survival,pbc2,-0.0005180117544909546,-0.0017381925924983982,true
D11 -> survival,d11_ici_better,logrank/survival,panel,0.003008717468400597,0.005180111682468647,false
D11 -> survival,d11_ibs_not_worse,logrank/survival,panel,9.312838808492319e-6,-0.00011032470383389291,true
